English,Reference,marian_translation,mbart_translation,mt5_translation
A black box in your car?,आपकी कार में ब्लैक बॉक्स?,अपनी कार में एक ब्लैक बॉक्स?,A black box in your car?,<extra_id_0>
"As America's road planners struggle to find the cash to mend a crumbling highway system, many are beginning to see a solution in a little black box that fits neatly by the dashboard of your car.","जबकि अमेरिका के सड़क योजनाकार, ध्वस्त होते हुए हाईवे सिस्टम को सुधारने के लिए धन की कमी से जूझ रहे हैं, वहीं बहुत-से लोग इसका समाधान छोटे से ब्लैक बॉक्स में देख रहे हैं, जो आपकी कार के डैशबोर्ड पर सफ़ाई से फिट हो जाता है।","के रूप में अमेरिका के सड़क योजनार एक टूटी हुई सड़क प्रणाली को सुधारने के लिए नकदी को खोजने के लिए संघर्ष कर रहे हैं, कई एक छोटे से काले बॉक्स में एक समाधान देखने के लिए शुरू कर रहे हैं कि अपनी कार के माध्यम से फिट.","As America's road planners struggle to find the cash to mend a crumbling highway system, many are beginning to see a solution in a little black box that fits neatly by the dashboard of your car.",<extra_id_0>.
"The devices, which track every mile a motorist drives and transmit that information to bureaucrats, are at the center of a controversial attempt in Washington and state planning offices to overhaul the outdated system for funding America's major roads.","यह डिवाइस, जो मोटर-चालक द्वारा वाहन चलाए गए प्रत्येक मील को ट्रैक करती है तथा उस सूचना को अधिकारियों को संचारित करती है, आजकल अमेरिका की प्रमुख सड़कों का वित्त-पोषण करने के लिए पुराने हो चुके सिस्टम का जीर्णोद्धार करने के लिए वाशिंगटन और राज्य नियोजन कार्यालय के लिए एक विवादास्पद प्रयास का मुद्दा बन चुका है।","ये उपकरण, जो हर मील का ट्रैक करते हैं एक मोटर ड्राइव और ट्रांसमीटर के लिए जानकारी भेजने वाले हैं, एक विवादपूर्ण प्रयास के केंद्र में कर रहे हैं वॉशिंगटन और राज्य योजना कार्यालयों के लिए अमेरिका के मुख्य सड़कों पर पैसा जमा करने के लिए।","The devices, which track every mile a motorist drives and transmit that information to bureaucrats, are at the center of a controversial attempt in Washington and state planning offices to overhaul the outdated system for funding America's major roads.",<extra_id_0>.
The usually dull arena of highway planning has suddenly spawned intense debate and colorful alliances.,आम तौर पर हाईवे नियोजन जैसा उबाऊ काम भी अचानक गहन बहस तथा जीवंत गठबंधनों का मुद्दा बन गया है।,आम तौर पर सड़क योजना के ठंडे रंग में बहस और रंग - बिरंगी ब्याह की वजह से अचानक बहस छिड़ जाती है ।,The usually dull arena of highway planning has suddenly spawned intense debate and colorful alliances.,<extra_id_0>
"Libertarians have joined environmental groups in lobbying to allow government to use the little boxes to keep track of the miles you drive, and possibly where you drive them - then use the information to draw up a tax bill.","आपने द्वारा ड्राइव किए गए मील, तथा संभवतः ड्राइव किए गए स्थान का विवरण रखने - और फिर इस सूचना का उपयोग टैक्स बिल तैयार करने के लिए - सरकार को इन ब्लैक बॉक्स का उपयोग करने की अनुमति देने के पक्ष में समर्थन जुटाने के लिए लिबरेटेरियन पर्यावरणीय समूहों के साथ मिल गए हैं।",कुछ देशों में ऐसे भी लोग हैं जो एक - दूसरे को सहयोग देने के लिए सरकार का इस्तेमाल करते हैं ।,"Libertarians have joined environmental groups in lobbying to allow government to use the little boxes to keep track of the miles you drive, and possibly where you drive them - then use the information to draw up a tax bill.",<extra_id_0>
The tea party is aghast.,चाय पार्टी भौचक्की है।,चाय पार्टी कम हो गई है.,The tea party is aghast.,<extra_id_0>
"The American Civil Liberties Union is deeply concerned, too, raising a variety of privacy issues.",अमेरिकी नागरिक स्वतंत्रता संघ भी विभिन्न प्रकार के गोपनीयता मुद्दे उठाते हुए बहुत चिंतित है।,अमरीकी नागरिक संघ को भी अलग - अलग निजी मामलों की चिंता रहती है ।,"The American Civil Liberties Union is deeply concerned, too, raising a variety of privacy issues.",<extra_id_0>
"And while Congress can't agree on whether to proceed, several states are not waiting.","जबकि कांग्रेस इस बात पर सहमत नहीं हो सकी कि आगे की कार्यवाही करनी है या नहीं, बहुत से राज्य प्रतीक्षा नहीं कर रहे।","और जबकि कांग्रेस आगे बढ़ने पर सहमत नहीं हो सकता है, कई राज्य इंतजार नहीं कर रहे हैं.","And while Congress can't agree on whether to proceed, several states are not waiting.",<extra_id_0>
"They are exploring how, over the next decade, they can move to a system in which drivers pay per mile of road they roll over.","वे यह खोज कर रहे हैं कि अगले दशक में वे किस तरह से ऐसी प्रणाली में जा सकते हैं, जिसमें चालक सड़क पर तय किए गए प्रत्येक मील के लिए भुगतान करे।","वे कल्पना कर रहे हैं कि अगले दस सालों के दौरान, वे एक ऐसी व्यवस्था में जा सकते हैं जिसमें ड्राइवर हर मील की दूरी पर गाड़ी चलाते हैं ।","They are exploring how, over the next decade, they can move to a system in which drivers pay per mile of road they roll over.",<extra_id_0>.
"Thousands of motorists have already taken the black boxes, some of which have GPS monitoring, for a test drive.","हजारों मोटर-चालकों ने टेस्ट ड्राइव के लिए पहले ही ब्लैक बॉक्स ले लिया है, जिसमें से कुछ में जी.पी.एस. मॉनीटरिंग है।","हज़ारों मोटर - चालकों ने पहले ही ब्लैक बक्से ले लिए हैं, जिनमें से कुछ के पास जीपीएस निगरानी है, एक परीक्षण ड्राइव के लिए.","Thousands of motorists have already taken the black boxes, some of which have GPS monitoring, for a test drive.",<extra_id_0>
This really is a must for our nation.,यह हमारे देश के लिए वास्तव में अनिवार्य वस्तु है।,यह वास्तव में हमारी जाति के लिए एक होना चाहिए.,This really is a must for our nation.,<extra_id_0>
"""It is not a matter of something we might choose to do,"" said Hasan Ikhrata, executive director of the Southern California Assn. of Governments, which is planning for the state to start tracking miles driven by every California motorist by 2025.","""यह हमारे द्वारा चुने या नहीं चुने जाने का विषय नहीं है"" यह कहना है हसन इखराता का जो दक्षिण कैलीफोर्निया सरकार संघ के कार्यकारी निदेशक हैं, जो वर्ष 2025 तक कैलीफोर्निया में मोटर-चालकों द्वारा तय किए गए प्रत्येक मील को ट्रैक करने की शुरुआत करने की योजना बना रहा है।","""यह कोई बात नहीं है जो हम करने के लिए चुन सकते हैं"" है कि क्या हम कोई भी करने के लिए चुन सकते हैं, कहा. है कि अमेरिका के अधिकारी, जो राज्य के लिए योजना है 2025 द्वारा हर मोटर - गाड़ी के द्वारा हर सड़क की मीलों पार शुरू करने के लिए योजना बना रहा है.","""It is not a matter of something we might choose to do,"" said Hasan Ikhrata, executive director of the Southern California Assn. of Governments, which is planning for the state to start tracking miles driven by every California motorist by 2025.",<extra_id_0> to translate English to Hindi
There is going to be a change in how we pay these taxes.,हमारे द्वारा कर भुगतान किए जाने के तरीके में परिवर्तन होने जा रहा है।,हम इन कर का भुगतान कैसे कर रहे हैं में एक परिवर्तन होने जा रहा है.,There is going to be a change in how we pay these taxes.,<extra_id_0>
The technology is there to do it.,ऐसा करने के लिए प्रौद्योगिकी है।,प्रौद्योगिकी यह करने के लिए है.,The technology is there to do it.,<extra_id_0>
"The push comes as the country's Highway Trust Fund, financed with taxes Americans pay at the gas pump, is broke.","ऐसा होने का मुख्य कारण यह है कि देश का हाईवे ट्रस्ट फ़ंड लगभग दिवालिया हो गया है, जिसका वित्त-पोषण अमेरिकी नागरिकों द्वारा गैस पम्प पर किए जाने वाले करों के भुगतान से होता है।","धक्का देश के उच्चवे पर भरोसा निधि के रूप में आता है, कर अमरीकी भुगतान के साथ गैस पंप पर भुगतान, टूट गया है.","The push comes as the country's Highway Trust Fund, financed with taxes Americans pay at the gas pump, is broke.",<extra_id_0>
Americans don't buy as much gas as they used to.,अमेरिकी लोग अब पहले जितनी गैस नहीं खरीदते।,अमरीकी उतना गैस नहीं खरीदते जितना वे इस्तेमाल करते थे।,Americans don't buy as much gas as they used to.,<extra_id_0>
Cars get many more miles to the gallon.,अब एक गैलन गैस में कार पहले से अधिक मील चलती है।,झूठ बोलने के लिए कार को और अधिक मील मिलता है.,Cars get many more miles to the gallon.,<extra_id_0>
"The federal tax itself, 18.4 cents per gallon, hasn't gone up in 20 years.","फेडरल टैक्स में पिछले 20 वर्षों में कोई बढ़ोतरी नहीं हुई, जो 18.4 सेंट प्रति गैलन है।","संघीय कर अपने आप, 184 सेंट प्रति सेंट, 20 साल में नहीं चला गया है.","The federal tax itself, 18.4 cents per gallon, hasn't gone up in 20 years.",<extra_id_0>
Politicians are loath to raise the tax even one penny when gas prices are high.,गैस के उच्च मूल्य होने के कारण राजनेता टैक्स में एक पैसा भी वृद्धि करने से परहेज करते हैं।,"जब गैस की कीमत बहुत ऊँची होती है, तो कर को भी बढ़ाने की कोशिश की जाती है ।",Politicians are loath to raise the tax even one penny when gas prices are high,<extra_id_0>
"""The gas tax is just not sustainable,"" said Lee Munnich, a transportation policy expert at the University of Minnesota.","मिनेसोटा विश्वविद्यालय में परिवहन नीति विशेषज्ञ ली मुनिख कहते हैं, ""गैस कर बिल्कुल संवहनीय नहीं है।""",""" गैस करदाता नहीं है,"" ली एमननीच ने कहा, एक परिवहन नीति विशेषज्ञ, मिना के विश्‍वविद्यालय में एक यातायात नीति विशेषज्ञ.","""The gas tax is just not sustainable,"" said Lee Munnich, a transportation policy expert at the University of Minnesota.",<extra_id_0> to Hindi
His state recently put tracking devices on 500 cars to test out a pay-by-mile system.,उनके राज्य ने प्रति-मील भुगतान प्रणाली का परीक्षण करने के लिए हाल ही में 500 कारों में ट्रैकिंग डिवाइस लगाई है।,हाल ही में उसकी स्थिति 500 कारों पर ट्रैकिंग उपकरणों को एक भुगतान से बाहर परीक्षण के लिए डाल दिया।,His state recently put tracking devices on 500 cars to test out a pay-by-mile system.,<extra_id_0>
"""This works out as the most logical alternative over the long term,"" he said.","वे कहते हैं, ""दीर्घकाल में यह सबसे अधिक तर्कपूर्ण विकल्प के रूप में काम करेगा।""","""यह लंबे समय पर सबसे तर्कसंगत विकल्प के रूप में काम करता है,"" उन्होंने कहा.","""This works out as the most logical alternative over the long term,"" he said.",<extra_id_0>
Wonks call it a mileage-based user fee.,वॉन्क्स इसे माइलेज-आधारित उपयोगकर्ता शुल्क कहते हैं।,यह एक मील की दूरी पर उपयोक्ता कैश कॉल करता है.,Wonks call it a mileage-based user fee.,<extra_id_0>
"It is no surprise that the idea appeals to urban liberals, as the taxes could be rigged to change driving patterns in ways that could help reduce congestion and greenhouse gases, for example.","यह आश्चर्य की बात नहीं है कि यह विचार शहरी उदारवादियों को अच्छा लग रहा है, क्योंकि इससे, उदाहरण के लिए कार चलाने के तौर-तरीके में परिवर्तन करने के लिए करों में बदलाव किया जा सकता है, जो जाम कम करने तथा ग्रीनहाउस गैस कम करने में सहायता कर सकता है।","यह कोई आश्‍चर्य की बात नहीं कि यह विचार शहरी उदारियों को आकर्षक लगता है, क्योंकि करों को ऐसे तरीक़ों से बदलने के लिए सख़्त किया जा सकता है जो प्रदूषण और ग्रीनहाउस गैसों को कम करने में मदद कर सकते हैं ।","It is no surprise that the idea appeals to urban liberals, as the taxes could be rigged to change driving patterns in ways that could help reduce congestion and greenhouse gases, for example.",<extra_id_0> -
California planners are looking to the system as they devise strategies to meet the goals laid out in the state's ambitious global warming laws.,कैलीफोर्निया के योजनाकार इस सिस्टम के लिए उत्सुक हैं जबकि वे राज्य के महात्वाकांक्षी ग्लोबल वार्मिंग कानूनों में निर्धारित लक्ष्य पूर्ण करने के लिए रणनीतियाँ विकसित कर रहे हैं।,कैलिफ़ोर्निक योजना प्रणाली की ओर देख रहे हैं जब वे राज्य के बढ़तेव में लक्ष्यों को पूरा करने के लिए योजना बना रहे हैं.,California planners are looking to the system as they devise strategies to meet the goals laid out in the state's ambitious global warming laws.,<extra_id_0>
"But Rep. Bill Shuster (R-Pa.), chairman of the House Transportation Committee, has said he, too, sees it as the most viable long-term alternative.","लेकिन गृह परिवहन समिति के अध्यक्ष, रिप. बिल शुस्टर (आ.-पी.ए.) भी ब्लैक बॉक्स को सबसे व्यवहार्य दीर्घकालिक विकल्प मानते हैं।","लेकिन वापस. बिल्स्टर (RP-Pa), हाउस व्यवस्था समिति के अध्यक्ष ने भी कहा है, यह एक लंबे समय से व्यवहारात्मक विकल्प के रूप में देखा है.","But Rep. Bill Shuster (R-Pa.), chairman of the House Transportation Committee, has said he, too, sees it as the most viable long-term alternative.",<extra_id_0>
The free marketeers at the Reason Foundation are also fond of having drivers pay per mile.,रीजन फ़ाउंडेशन में स्वतंत्र विक्रेता भी चालक द्वारा प्रति मील भुगतान के पक्ष में हैं।,कारण आधार पर मुक्‍त बाज़ारी ड्राइवरों को प्रति मील का भुगतान करने के लिए भी ख़ुशी होती है ।,The free marketeers at the Reason Foundation are also fond of having drivers pay per mile.,<extra_id_0>
"""This is not just a tax going into a black hole,"" said Adrian Moore, vice president of policy at Reason.","रीजन में पॉलिसी के उपाध्यक्ष, एड्रियन मूर ने कहा, ""यह मात्र ऐसा कर नहीं है जो अंधे कुएँ में जा रहा है।""","""यह सिर्फ एक कर के लिए एक ब्लैक होल में नहीं जा रहा है,"" एटीएन ने कहा, तर्क में संघीय राष्ट्रपति.","""This is not just a tax going into a black hole,"" said Adrian Moore, vice president of policy at Reason.",<extra_id_0>.
People are paying more directly into what they are getting.,"लोग जो चीज प्राप्त कर रहे हैं, उसके लिए अधिक प्रत्यक्ष रूप से भुगतान कर रहे हैं।","लोग सीधे - सीधे जो कर रहे हैं, उसमें ज़्यादा पैसा दे रहे हैं ।",People are paying more directly into what they are getting.,<extra_id_0>
"The movement is also bolstered by two former U.S. Transportation secretaries, who in a 2011 report urged Congress to move in the pay-per-mile direction.","इस अभियान को दो भूतपूर्व अमेरिकी परिवहन सचिवों ने भी समर्थन दिया है, जिन्होंने वर्ष 2011 में अपनी रिपोर्ट में कांग्रेस से प्रति-मील भुगतान की दिशा में आगे बढ़ने का अनुग्रह किया था।","सन्‌ 2011 के एक रिपोर्ट में, जो एक कानून के मुताबिक कानून तैयार किया गया था, इस अभियान में भी दो भूतपूर्व यू.एस.एस.","The movement is also bolstered by two former U.S. Transportation secretaries, who in a 2011 report urged Congress to move in the pay-per-mile direction.",<extra_id_0>.
"The U.S. Senate approved a $90-million pilot project last year that would have involved about 10,000 cars.","यू.एस. सीनेट ने पिछले वर्ष 90-मिलियन डॉलर की परीक्षण परियोजना स्वीकृत की थी, जिसमें 10,000 कारें शामिल हो गई होतीं।","U.S.CP एक $90-000 पायलट परियोजना है कि पिछले साल के बारे में 10,000 कारों में शामिल होगा.","The U.S. Senate approved a $90-million pilot project last year that would have involved about 10,000 cars.",<extra_id_0>
"But the House leadership killed the proposal, acting on concerns of rural lawmakers representing constituents whose daily lives often involve logging lots of miles to get to work or into town.","लेकिन ग्रामीण विधि-निर्माताओं की चिंताओं पर काम करते हुए, जो ऐसे व्यक्तियों का प्रतिनिधि कर रहे थे जिन्हें रोजाना काम पर जाने अथवा शहर में जाने के लिए बहुत अधिक मील चलना पड़ता है, सदन के नेतृत्व ने उस प्रस्ताव को वहीं पर समाप्त कर दिया।","लेकिन घर - मालिक ने इस प्रस्ताव को मार डाला, और गाँवों में रहनेवाले कानूनों की चिंता करते हुए, जिनके रोज़मर्रा की ज़िंदगी में अकसर बहुत - सी किलोमीटर की दूरी पर काम करने या शहर जाने के लिए लॉगिंग होती थी ।","But the House leadership killed the proposal, acting on concerns of rural lawmakers representing constituents whose daily lives often involve logging lots of miles to get to work or into town.",<extra_id_0>.
Several states and cities are nonetheless moving ahead on their own.,फिर भी बहुत से राज्य और शहर खुद-ब-खुद इस दिशा में आगे बढ़ रहे हैं।,बहुत - से देश और शहर अपने ही बलबूते पर आगे बढ़ रहे हैं ।,Several states and cities are nonetheless moving ahead on their own.,<extra_id_0>
"The most eager is Oregon, which is enlisting 5,000 drivers in the country's biggest experiment.","इसमें सबसे अधिक इच्छुक ऑरेगोन है, जिसने देश के सबसे बड़े प्रयोग में 5,000 चालक सूचीबद्ध किए हैं।","सबसे उत्सुक व्यक्ति है, जो देश की सबसे बड़ी प्रयोग में 5,000 ड्राइवरों को भर्ती कर रहा है.","The most eager is Oregon, which is enlisting 5,000 drivers in the country's biggest experiment.",<extra_id_0>
Those drivers will soon pay the mileage fees instead of gas taxes to the state.,ये चालक जल्द ही राज्य को गैस कर के बजाय माइलेज शुल्क का भुगतान करेंगे।,वे ड्राइवर जल्द ही गैस कर देने के बजाय मीलों डॉलर का भुगतान करेंगे ।,Those drivers will soon pay the mileage fees instead of gas taxes to the state.,<extra_id_0>
Nevada has already completed a pilot.,नेवाडा ने पहले ही प्रारंभिक परीक्षण पूर्ण कर लिया है।,नेवाडा पहले ही एक पायलट पूरा हो चुका है.,Nevada has already completed a pilot.,<extra_id_0>
New York City is looking into one.,न्यू यॉर्क शहर भी इस दिशा में आगे बढ़ रहा है।,न्यू यॉर्क शहर एक में देख रहा है.,New York City is looking into one.,<extra_id_0>
Illinois is trying it on a limited basis with trucks.,इलिनोइस सीमित आधार पर ट्रकों के साथ आज़माइश कर रहा है।,यह ट्रकों के साथ एक सीमित आधार पर कोशिश कर रहा है.,Illinois is trying it on a limited basis with trucks.,<extra_id_0>
"And the I-95 Coalition, which includes 17 state transportation departments along the Eastern Seaboard (including Maryland, Pennsylvania, Virginia and Florida), is studying how they could go about implementing the change.","तथा आई-95 गठबंधन, जिसमें पूर्वी सीबोर्ड के साथ के 17 राज्य परिवहन विभाग (मेरीलैंड, पेनसिलवेनिया, वर्जीनिया तथा फ्लोरिडा समेत) शामिल हैं, इस बात का अध्ययन कर रहे हैं कि वे इस परिवर्तन का किस तरह क्रियान्वयन कर सकते हैं।","और I-95 कोलिटन, जिसमें पूर्वी सागर के बीच १७ परिवहन विभाग शामिल हैं (यानी मेरीलैंड, वर्जिनिया और फ्लोरिडा शामिल हैं) अध्ययन कर रहा है कि वे परिवर्तन को लागू करने के बारे में कैसे जा सकते हैं.","And the I-95 Coalition, which includes 17 state transportation departments along the Eastern Seaboard (including Maryland, Pennsylvania, Virginia and Florida), is studying how they could go about implementing the change.",<extra_id_0> -
The concept is not a universal hit.,इस विचार को सभी जगहों पर समर्थन नहीं मिला।,धारणा एक विश्‍वव्यापी हिट नहीं है ।,The concept is not a universal hit.,<extra_id_0>
"In Nevada, where about 50 volunteers' cars were equipped with the devices not long ago, drivers were uneasy about the government being able to monitor their every move.","नेवाडा में, जहाँ कुछ ही समय पहले 50 स्वैच्छिक कार चालकों की कारों पर इस डिवाइस को लगाया गया था, चालक इस बात को सोच कर बहुत अधीर थे कि सरकार उनके प्रत्येक कदम को मॉनीटर कर सकती है।","नवाडा में, जहाँ 50 स्वयंसेवकों की कारों को लंबी उम्र नहीं हुई उपकरणों के साथ सुसज्जित किया गया था, चालकों को अपने हर कदम पर निगरानी रखने के बारे में परेशान कर रहे थे.","In Nevada, where about 50 volunteers' cars were equipped with the devices not long ago, drivers were uneasy about the government being able to monitor their every move.",<extra_id_0>
"""Concerns about Big Brother and those sorts of things were a major problem,"" said Alauddin Khan, who directs strategic and performance management at the Nevada Department of Transportation.","नेवाडा परिवहन विभाग में रणनीतिक तथा कार्य-निष्पादन प्रबन्धन को निर्देशित करने वाले, अलाउद्दीन खान कहते हैं ""बिग ब्रदर तथा उसी प्रकार की अन्य चीजों के बारे में चिंता प्रमुख समस्या थी।""","“ बिग भाई और उन चीज़ों के बारे में के बारे में एक बड़ी समस्या थी, ” अलॉडिन खान ने कहा, जो नेनेडा के नेनेडा विभाग में बड़ी मुश्‍किल का काम करता है ।","""Concerns about Big Brother and those sorts of things were a major problem,"" said Alauddin Khan, who directs strategic and performance management at the Nevada Department of Transportation.",<extra_id_0>
It was not something people wanted.,"यह ऐसी चीज नहीं है, जिसे लोग चाहते थे।",ऐसा कुछ नहीं था जो लोग चाहते थे ।,It was not something people wanted.,<extra_id_0>
"As the trial got underway, the ACLU of Nevada warned on its website: ""It would be fairly easy to turn these devices into full-fledged tracking devices.""","परीक्षण के आगे बढ़ने के साथ ही, नेवाडा के ए.सी.एल.यू. ने अपनी वेबसाइट पर चेतावनी दी थीः ""इन डिवाइस को पूर्ण ट्रैकिंग डिवाइस में परिवर्तित करना काफी हद आसान होगा।""","परीक्षण के तहत मिल गया, नेवाडा के प्रमाण ने इसके वेबसाइट पर चेतावनी दी: ""यह काफी आसान होगा इन उपकरणों को पूर्ण रूप से ट्रैकिंग उपकरणों में बदलने के लिए।","As the trial got underway, the ACLU of Nevada warned on its website: ""It would be fairly easy to turn these devices into full-fledged tracking devices.""",<extra_id_0> English to Hindi:
"There is no need to build an enormous, unwieldy technological infrastructure that will inevitably be expanded to keep records of individuals' everyday comings and goings.","विशाल, अप्रबंधनीय प्रौद्योगिकी ढाँचा-संरचना विकसित करने की कोई आवश्यकता नहीं है, जिसे प्रत्येक व्यक्ति के रोजाना आने-जाने का रिकॉर्ड रखने के लिए अवश्यंभावी रूप से फैलाना पड़े।","किसी के दैनिक आगमन और जाड़े के रिकॉर्ड रखने के लिए एक विशाल, अनियंकृत प्रौद्योगिकी का निर्माण करने की ज़रूरत नहीं है.","There is no need to build an enormous, unwieldy technological infrastructure that will inevitably be expanded to keep records of individuals' everyday comings and goings.",<extra_id_0>.
"Nevada is among several states now scrambling to find affordable technology that would allow the state to keep track of how many miles a car is being driven, but not exactly where and at what time.","नेवाडा उन बहुत से राज्यों में से है, जो वहनीय प्रौद्योगिकी प्राप्त करने के लिए हरसंभव प्रयास कर रहा है, जिसकी सहायता से राज्य इस बात का विवरण प्राप्त कर सके कि कार कितने मील प्रतिदिन चल रही है, लेकिन यह नहीं कि वह कहां और किस समय चल रही है।",नवाडा अब बहुत - से देशों में है ।,"Nevada is among several states now scrambling to find affordable technology that would allow the state to keep track of how many miles a car is being driven, but not exactly where and at what time.",<extra_id_0>
"If you can do that, Khan said, the public gets more comfortable.","खान ने कहा कि यदि आप ऐसा कर सकते हैं, तो लोग अधिक सहज महसूस कर सकते हैं।","अगर आप ऐसा कर सकते हैं, खान ने कहा, तो आम जनता को ज़्यादा आराम मिलता है ।","If you can do that, Khan said, the public gets more comfortable.",<extra_id_0>
The hunt for that technology has led some state agencies to a small California startup called True Mileage.,इस प्रौद्योगिकी की तलाश ने कुछ राज्य एजेन्सियों को ट्रू माइलेज नामक छोटे कैलीफोर्निया स्टार्ट-अप के पास पहुंचाया।,"इस तकनीक के शिकार ने कुछ राज्य एजेन्सियाँ एक छोटे से कैलिफोर्निया की ओर ले गयी हैं, जिसे सच्चा मीलोम कहा जाता है ।",The hunt for that technology has led some state agencies to a small California startup called True Mileage.,<extra_id_0>
The firm was not originally in the business of helping states tax drivers.,यह फर्म मूल रूप से राज्य कर चालकों की सहायता करने के व्यवसाय में नहीं थी।,यह पक्का इरादा शुरू में कर देने के लिए नहीं था ।,The firm was not originally in the business of helping states tax drivers.,<extra_id_0>
"It was seeking to break into an emerging market in auto insurance, in which drivers would pay based on their mileage.","यह ऑटो बीमा के उभरते हुए बाजार में प्रवेश करने का प्रयास कर रही थी, जिसमें चालकों को अपनी माइलेज के आधार पर भुगतान करना था।","वह ऑटो बीमा में एक निकासी बाज़ार में घुसना चाहता था, जिसमें ड्राइवर अपने मीलों पर आधारित भुगतान करते ।",It was seeking to break into an emerging market in auto insurance.,<extra_id_0>
"But the devices it is testing appeal to highway planners because they don't use GPS and deliver a limited amount of information, uploaded periodically by modem.","लेकिन यह जिस डिवाइस का परीक्षण कर रही है, वह हाईवे योजनाकारों को अच्छी लगी, क्योंकि उसमें जी.पी.एस. का उपयोग नहीं होता तथा बहुत सीमित सूचना प्रदान करती है, जो निश्चित समय अन्तराल पर मॉडम द्वारा अपलोड होती है।","लेकिन यह उपकरणों के लिए परीक्षण किया जा रहा है सड़क योजना असफलों के लिए निवेदन क्योंकि वे जीपीएस का उपयोग नहीं करते और कुछ हद तक जानकारी का उपयोग नहीं करते हैं, मोड द्वारा समय पर अपलोड करें.","But the devices it is testing appeal to highway planners because they don't use GPS and deliver a limited amount of information, uploaded periodically by modem.",<extra_id_0>
"""People will be more willing to do this if you do not track their speed and you do not track their location,"" said Ryan Morrison, chief executive of True Mileage.","ट्रू माइलेज के मुख्य अधिशासी रेयान मॉरिसन ने कहा, ""यदि आप लोगों की गति और उनके स्थान को ट्रैक नहीं करते तो वे इस तरीके को अपनाने में अधिक इच्छुक होंगे।""","""लोग ऐसा करने के लिए और अधिक तैयार हो जाएगा अगर आप उनकी गति ट्रैक नहीं करते हैं और आप उनके स्थान पर ट्रैक नहीं करते हैं,"" रायन ने कहा, सच Mrocrap के प्रधान अधिकारी. ""","""People will be more willing to do this if you do not track their speed and you do not track their location,"" said Ryan Morrison, chief executive of True Mileage.",<extra_id_0> -
There have been some big mistakes in some of these state pilot programs.,राज्य के इन प्रारंभिक कार्यक्रमों में कुछ बड़ी गलतियाँ हुई हैं।,इनमें से कुछ राज्य पायलट प्रोग्रामों में कुछ बड़ी गलतियाँ हुई हैं ।,There have been some big mistakes in some of these state pilot programs.,<extra_id_0>.
There are a lot less expensive and less intrusive ways to do this.,ऐसा करने के लिए बहुत कम खर्चीले तथा कम हस्तक्षेप करने वाले तरीके भी हैं।,ऐसा करने के लिए बहुत कम महँगी और कम महँगी तरीके हैं ।,There are a lot less expensive and less intrusive ways to do this.,<extra_id_0>
"In Oregon, planners are experimenting with giving drivers different choices.","ऑरेगॉन में, योजनाकार चालकों को भिन्न-भिन्न विकल्प देने का प्रयोग कर रहे हैं।","एक बार जब ड्राइवरों को पता चला कि वे क्या कर रहे हैं, तो उन्हें क्या करना चाहिए ।","In Oregon, planners are experimenting with giving drivers different choices.",<extra_id_0>
They can choose a device with or without GPS.,वे जी.पी.एस. युक्त या बिना जी.पी.एस. की डिवाइस चुन सकते हैं।,वे बिना जीपीएस के उपकरण चुन सकते हैं.,They can choose a device with or without GPS.,<extra_id_0>
"Or they can choose not to have a device at all, opting instead to pay a flat fee based on the average number of miles driven by all state residents.","या फिर से कोई भी डिवाइस न लेना चुन सकते हैं, बल्कि राज्य के निवासियों द्वारा तय किए जाने वाले औसत मीलों के आधार पर निर्धारित शुल्क देना चुन सकते हैं।","या वे यह चुनाव कर सकते हैं कि वे कोई उपकरण न रखें, न ही हर राष्ट्र के लोगों की औसत मीलों पर आधारित एक फ्लैट का भुगतान करने के बजाय ।","Or they can choose not to have a device at all, opting instead to pay a flat fee based on the average number of miles driven by all state residents.",<extra_id_0>.
"Other places are hoping to sell the concept to a wary public by having the devices do more, not less.",अन्य स्थानों को आशा है कि डिवाइस में कम की बजाय और अधिक सुविधा प्रदान करके चिंतित नागरिकों को यह अवधारण बेची जा सकती है।,कुछ और जगहों पर इस धारणा को आम तौर पर बेचने की उम्मीद कर रहे हैं ।,"Other places are hoping to sell the concept to a wary public by having the devices do more, not less.",<extra_id_0>
"In New York City, transportation officials are seeking to develop a taxing device that would also be equipped to pay parking meter fees, provide ""pay-as-you-drive"" insurance, and create a pool of real-time speed data from other drivers that motorists could use to avoid traffic.","न्यू यॉर्क शहर में, परिवहन अधिकारी ऐसी टैक्सिंग डिवाइस विकसित करने का प्रयास कर रहे हैं, जिसमें पार्किंग मीटर शुल्क का भुगतान करने की सुविधा भी होगी, ""अपने ड्राइव के अनुसार भुगतान"" बीमा प्रदान करेगी, तथा अन्य चालकों से वास्तविक समय का गति डेटा का संग्रह निर्मित करेगी जिसका उपयोग मोटर-चालक ट्रैफिक से बचने के लिए कर सकेंगे।","न्यू यॉर्क शहर में, परिवहन अधिकारी एक करिंग उपकरण विकसित करने के लिए कोशिश कर रहे हैं जो भी यातायात उपकरण है कार पर टिकट का भुगतान करने के लिए तैयार किया जा सकता है, ""आज के लिए भुगतान करें"" बीमा, और दूसरे ड्राइवरों की गति डेटा बना रहे हैं कि मोटर चालक यातायात से बचने के लिए इस्तेमाल कर सकते हैं।","In New York City, transportation officials are seeking to develop a taxing device that would also be equipped to pay parking meter fees, provide ""pay-as-you-drive"" insurance, and create a pool of real-time speed data from other drivers that motorists could use to avoid traffic.",<extra_id_0> -
"""Motorists would be attracted to participate because of the value of the benefits it offers to them,"" says a city planning document.","शहर नियोजन दस्तावेज में उल्लेख किया गया है, ""मोटर-चालक इससे प्राप्त होने वाले लाभों के कारण इसमें सहभागिता के लिए आकर्षित होंगे।""","एक शहर योजना दस्तावेज़ कहता है कि ""मिशिस्ट लोग हिस्सा लेने के लिए आकर्षित हो जाएँगे, क्योंकि इससे उन्हें लाभ होता है,"" एक शहर योजना दस्तावेज़ कहता है.","""Motorists would be attracted to participate because of the value of the benefits it offers to them,"" says a city planning document.",<extra_id_0> to
"Some transportation planners, though, wonder if all the talk about paying by the mile is just a giant distraction.","यद्यपि, कुछ परिवहन योजनाकारों को आश्चर्य होता है कि शायद मील के अनुसार भुगतान पर सारी चर्चा बड़ा विकर्षण है।","लेकिन, कुछ परिवहन योजना बनानेवाले यह आश्‍चर्य करते हैं कि क्या मीलों से भुगतान करने के बारे में सभी बात केवल एक विशाल ध्यानपूर्ण होती है ।","Some transportation planners, though, wonder if all the talk about paying by the mile is just a giant distraction.",<extra_id_0> -
"At the Metropolitan Transportation Commission in the San Francisco Bay Area, officials say Congress could very simply deal with the bankrupt Highway Trust Fund by raising gas taxes.",सैन फ्रैन्सिस्को खाड़ी क्षेत्र में मेट्रोपॉलिटन परिवहन आयोग ने कहा है कि कांग्रेस गैस टैक्स में वृद्धि करके दिवालिया हाईवे ट्रस्ट फ़ंड की समस्या से बहुत आसानी से निपट सकती है।,"सैन फ्रांसिस्को खाड़ी क्षेत्र में Mrigigiganians नियुक्‍त पर, अधिकारी कहते हैं कि कांग्रेस बस गैस के करों को उठाने के द्वारा ही काफ़ी कुछ कर सकता है ।","At the Metropolitan Transportation Commission in the San Francisco Bay Area, officials say Congress could very simply deal with the bankrupt Highway Trust Fund by raising gas taxes.",<extra_id_0>
"An extra one-time or annual levy could be imposed on drivers of hybrids and others whose vehicles don't use much gas, so they pay their fair share.","हाइब्रिड अथवा अन्य कारों के चालकों पर अतिरिक्त एक-समय का अथवा वार्षिक शुल्क भी लगाया जा सकता है, जिनके वाहन बहुत अधिक गैस का उपयोग नहीं करते हैं ताकि वे अपने उचित हिस्से का भुगतान करें।","एक अतिरिक्त समय या वार्षिक लाभों के चालकों और अन्यों पर लगाया जा सकता है जिनके वाहन ज्यादा गैस का उपयोग नहीं करते, तो वे अपने निष्पक्ष हिस्सा भुगतान करते हैं.","An extra one-time or annual levy could be imposed on drivers of hybrids and others whose vehicles don't use much gas, so they pay their fair share.",<extra_id_0>.
"""There is no need for radical surgery when all you need to do is take an aspirin,"" said Randy Rentschler, the commission's director of legislation and public affairs.","आयोग के विधान और सार्वजनिक मामलों के निदेशक, रैन्डी रेंटशेलर ने कहा, ""जब एस्पिरिन से काम हो सकता है तो उसके लिए आमूलचूल सर्जरी की क्या जरूरत है।""","""कोई आधारभूत सर्जरी की आवश्यकता नहीं है जब तुम सब करने की जरूरत है एक ऐथेंस ले रही है,"" रैंड रेफ़ी ने कहा, कानून और सार्वजनिक मामलों के प्रशासन निर्देशक.","""There is no need for radical surgery when all you need to do is take an aspirin,"" said Randy Rentschler, the commission's director of legislation and public affairs.",<extra_id_0> -
"If we do this, hundreds of millions of drivers will be concerned about their privacy and a host of other things.",यदि हम ऐसा करते हैं तो करोड़ों कार चालक अपनी गोपनीयता तथा अन्य बहुत सी चीजों के लिए चिंतित होंगे।,"अगर हम ऐसा करें, तो लाखों ड्राइवर अपनी निजी और दूसरी चीज़ों के बारे में चिन्तित होंगे ।","If we do this, hundreds of millions of drivers will be concerned about their privacy and a host of other things.",<extra_id_0>.
According to the police his death was due to drowning.,"पुलिस के अनुसार, उसकी मौत डूबने से हुई है।",पुलिस के अनुसार उसकी मृत्यु डूबने के कारण थी ।,According to the police his death was due to drowning.,<extra_id_0>
"However, the police have taken the friend of the deceased into custody for hiding the deceased's luggage at his house.","अलबत्ता, उसके दोस्त को पुलिस ने दिवंगत के सामान को अपने पास छिपाने के आरोप में हिरासत में ले लिया है।","लेकिन, पुलिस ने मृत के सामान को छिपाने के लिए उसे गिरफ्तार कर लिया है.","However, the police have taken the friend of the deceased into custody for hiding the deceased’s luggage at his house",<extra_id_0>
The police have filed the final investigation report with the court.,पुलिस ने अदालत में मौत की जांच की अंतिम रिपोर्ट सौंप दी है।,पुलिस ने अदालत के साथ अंतिम जांच रिपोर्ट की है.,The police have filed the final investigation report with the court.,<extra_id_0>
It may be recalled that on August 26th the police recovered the body of Jahid Iqbal from the Jhelum river in Padshahi Park.,विदित हो कि 26 अगस्त को पुलिस ने झेलम दरिया में पादशाही बाग के रहने वाले जाहिद इकबाल का शव बरामद किया था।,यह याद किया जा सकता है कि अगस्त २६ को पुलिस ने पैलिपिम नदी के झोलूम नदी से याहवेम का शरीर ठीक कर दिया ।,It may be recalled that on August 26th the police recovered the body of Jahid Iqbal from the Jhelum river in Padshahi Park.,<extra_id_0>
His family had accused his friends because his mobile and other luggage was missing.,उसके परिजनों ने उसके दोस्तों पर उसकी हत्या का आरोप लगाया था क्योंकि उसका मोबाईल व अन्य सामान लापता था।,उसके परिवार ने अपने दोस्तों पर आरोप लगाया था क्योंकि उसका मोबाइल और दूसरा सामान गायब था ।,His family had accused his friends because his mobile and other luggage was missing.,<extra_id_0>
The police said in their report that the deceased's phone and SIM card were checked and his phone was being used by a woman named Saura.,रिपोर्ट में पुलिस ने बताया कि मृतक के फोन और सिम की जांच की गई और पाया गया कि उसका फोन सौरा में एक महिला द्वारा इस्तेमाल किया जा रहा है।,पुलिस ने अपनी रिपोर्ट में कहा कि मृत जन के फोन और एसएम कार्ड चेक किया गया था और उसका फोन सारा नामक एक महिला द्वारा इस्तेमाल किया जा रहा था.,The police said in their report that the deceased's phone and SIM card were checked and his phone was being used by a woman named Saura.,<extra_id_0>.
"After questioning the woman, she said that the phone had been given to her by a relative named Ruhail Gauhar.",महिला ने पूछताछ में बताया कि उसे यह फोन उसके एक रिश्तेदार रूहैल गौहर ने दिया है।,"उस औरत से पूछताछ करने के बाद, उसने कहा कि एक रिश्‍तेदार ने उसे फोन दिया है ।","After questioning the woman, she said that the phone had been given to her by a relative named Ruhail Gauhar.",<extra_id_0>.
Ruhail also lives in Padshahi Park and was a friend of the deceased.,रूहैल भी पादशाही बाग में रहता है और वह दिवंगत जाहिद का दोस्त था।,जयाएल पैजॉर पार्क में भी रहती है और मरे हुओं का दोस्त भी थी ।,Ruhail also lives in Padshahi Park and was a friend of the deceased.,<extra_id_0>
"On August 25th, after Namaaz-e-Jumma, Ruhail had gone with Jahid to bathe in the Jhelum river.",रूहैल 25 अगस्त को नमाज-ए-जुम्मा के बाद जाहिद के साथ झेलम में नहाने गया था।,"25 अगस्त को नामा-Jumam के बाद, शिलिम नदी में स्नान करने के लिए याहवेल के साथ चला गया था.","On August 25th, after Namaaz-e-Jumma, Ruhail had gone with Jahid to bathe in the Jhelum river.",<extra_id_0>
"Jahid took off his clothes and left all his things on the banks, while Ruhail went to the other bank to smoke a cigarette.","जाहिद ने अपने कपड़े खोले और सारा सामान किनारे पर रखा, जबकि रुहैल सिगरेट पीने के लिए दूसरी ओर चल गया।","यहोवा के साक्षियों ने उसके कपड़े उतार लिए और बैंक में अपनी सारी चीज़ें छोड़ दीं, जबकि वह सिगरेट पीने के लिए दूसरे बैंक में गया ।","Jahid took off his clothes and left all his things on the banks, while Ruhail went to the other bank to smoke a cigarette.",<extra_id_0>
"When he returned Jahid was not there, only his clothes were there.","जब वह वापस आया तो जाहिद वहां नहीं था, उसके सिर्फ कपड़े ही थे।","जब वह याहवे को लौटा, तब वहां न केवल उसके वस्त्रा थे।","When he returned Jahid was not there, only his clothes were there.",<extra_id_0>
"Ruhail looked for Jahid, but he could not find him.","रूहैल ने जाहिद को तलाश किया, लेकिन वह नहीं मिला।","पवित्र शक्‍ति ने याहवे को ढूँढ़ निकाला, मगर वह उसे ढूँढ़ नहीं पाया ।","Ruhail looked for Jahid, but he could not find him.",<extra_id_0>
"Then he picked up his mobile phone, watch and other things and kept them for his own use.","इस पर उसने उसका मोबाइल फोन, घड़ी व अन्य सामान उठाया और अपने इस्तेमाल के लिए रख लिया।",फिर उसने अपना मोबाइल फोन उठाया ।,"Then he picked up his mobile phone, watch and other things and kept them for his own use.",<extra_id_0>
He did not tell anyone that Jahid has drowned.,उसने किसी को नहीं बताया कि जाहिद डूब गया है।,उसने किसी को नहीं बताया कि यहोवा ने उसे डुबो दिया है ।,He did not tell anyone that Jahid has drowned.,<extra_id_0>
The police told the court that Jahid has drowned and the post-mortem report confirmed this.,पुलिस ने अदालत को बताया कि जाहिद की मौत डूबने से हुई है और पोस्टमार्टम में भी इसकी पुष्टि हुई है।,पुलिस ने अदालत को बताया कि यह टैग यहोवा की हत्या कर चुका है और उसके बाद के इर्मिक रिपोर्ट ने इस बात की पुष्टि की है।,The police told the court that Jahid has drowned and the post-mortem report confirmed this.,<extra_id_0>
"However, Ruhail was arrested under section 404 for hiding the facts and possessions of the deceased.","अलबत्ता, रूहैल को तथ्यों व मृतक के सामान को छिपाने के लिए धारा 404 के तहत हिरासत में ले लिया गया है।","लेकिन, मृत जनों की वास्तविकताओं और सम्पत्ति को छिपाने के लिए आत्मावाद को भाग ४०४ में गिरफ्तार कर लिया गया ।","However, Ruhail was arrested under section 404 for hiding the facts and possessions of the deceased",<extra_id_0>
The Maharaja of the dynastic capital has arranged some magnificent cuisine from the majestic palaces.,खानदानी राजधानी के महाराज ने आपके लिए राजसी महलों के शानदार व्यंजनों का प्रबंध किया है।,इस शहर की शान बहुत बढ़ गयी है ।,The Maharaja of the dynastic capital has arranged some magnificent cuisine from the majestic palaces.,<extra_id_0>
"These special dishes will be available in all the restaurants of the dynastic capital from November 1st to the 5th, in your city.",यह खास प्रबंध एक से लेकर पांच नवंबर तक आपके शहर के सभी खानदानी राजधानी रेस्तराओं में रहेगा।,"ये विशेष व्यंजन नवंबर 1 से लेकर आपके शहर में, डेनस्ट राजधानी के सभी होटलों में उपलब्ध होंगे ।","These special dishes will be available in all the restaurants of the dynastic capital from November 1st to the 5th, in your city.",<extra_id_0>
One must enjoy the heritage of these enriched recipes from the dynastic capital this Diwali with your family and friends.,खानदानी राजधानी के इस बेहद समृद्ध व्यंजनों की विरासत का इस दीवाली पर अपने परिवार व मित्रों के साथ जरूर मजा लें।,एक व्यक्‍ति को अपने परिवार और दोस्तों के साथ इस घटिया राजधानी से प्राप्त इन समृद्ध रेसिपिों की विरासत का आनन्द लेना चाहिए ।,You can enjoy this Diwali with your family and friends.,<extra_id_0>
"Crispy Pea Rolls, Surti Plaza, Barsa Dola, Hariwali Patra, Jodhpuri Pakaros, Dakor na Gota nu Chat and Lilava Kachori will be awaiting you in the Special Diwali Thali.","इस बार की स्पेशल दीवाली थाली में आपको मटर खस्ता रोल, सूरती प्लाजा, बारसा डोला, हरी वाली पात्रा, जोधपुरी पकोड़ा, डकोर ना गोटा नू चाट और लीलवा कचौरी आप का खास तौर पर इतजार कर रहे है।","Scippppophs, Scutio, Hiwolial, जोर पाका पारोरोस, Daka Nu चैट और Lolapapapy में आप का इंतज़ार किया जाएगा विशेष Dadyyyyyyy.","Crispy Pea Rolls, Surti Plaza, Barsa Dola, Hariwali Patra, Jodhpuri Pakaros, Dakor na Gota nu Chat and Lilava Kachori will be awaiting you in the Special Diwali Thali.",<extra_id_0>.
"Traditional recipes with vegetables such as Surti Udhiyu, Jaisalmer Panch Kuta, Pithaud ki sabji, Jodhpuri Gatta, Sagaru ke kofte, Rabodi Hara Pyaj, Til wale Aloo, Makai Mirch and Jajaria are included.","सब्जियों में परंपरागत व्यंजन जैसे की सूरती उधियू, जैसलमेर पंच कुटा, पिथौड़ की सब्जी, जोधपुरी गट्टा, सागरी के कोफते, राबोदी हरा प्याज, तिल वाले आलू, मकई मिरच और जजरिया शामिल किए गए है।","इन सब के अलावा, वे अपने बच्चों को भी अपने साथ ले जाते हैं ।","Traditional recipes with vegetables such as Surti Udhiyu, Jaisalmer Panch Kuta, Pithaud ki sabji, Jodhpuri Gatta, Sagaru ke kofte, Rabodi Hara Pyaj, Til wale Aloo, Makai Mirch and Jajaria are included.",<extra_id_0> -
"The best way to end a regal meal is with desserts like Apple Jalebi, Tomato Halwa, Walnut Halwa, Dudh Pak, Date Barfi, Dryfruit Halwa, Makai Jajaria and Sutar Saini Kheer.","मीठे में एैपल जलेबी, टमाटर हलवा, अखरोट हलवा, दूध पाक, खजूर बर्फी, ड्राईफू्रट हलवा, मकई जजारिया और सूतार सैनी खीर आपके इस राजसी भोजन को समाप्त करने का एक बेहतरीन ढग होगा।","स्वादिष्ट भोजन का अंत करने का सबसे अच्छा तरीका है, एपीहाआ, टोटोवा, वागावा, वासा, वद, तारीखेधा, बैरा, फलावा, माकाना और सुबरा केर की तरह स्वादिष्ट खाना बनाने का सबसे अच्छा तरीका है।","The best way to end a regal meal is with desserts like Apple Jalebi, Tomato Halwa, Walnut Halwa, Dudh Pak, Date Barfi, Dryfruit Halwa, Makai Jajaria and Sutar Saini Kheer.",<extra_id_0>
Presenting CAT's trendy footwear and clothing collection.,कैट की ट्रैडी फुटवियर और परिधानों की सिलेक्शन पेश,सी.टी.एस.आई.,Presenting CAT's trendy footwear and clothing collection.,<extra_id_0>
Chandigarh: On the occasion of the festival of lights the internationally renowned brand CAT presented a collection of trendy footwear and clothing.,चंडीगढ़ः प्रकाश के पर्व पर अंतरराष्ट्रीय ख्याति प्राप्त ब्रांड कैट ने ट्रैडी फुटवियर और परिधानों की सिलेक्शन को पेश किया है।,"Carghhh: अंतर्राष्ट्रीय जानी - मानी ब्रांडी के पर्व के अवसर पर, समाज - गुरुओं और कपड़ों का एक संग्रह पेश किया गया ।",Chandigarh: On the occasion of the festival of lights the internationally renowned brand CAT presented a collection of trendy footwear and clothing.,<extra_id_0>
"CAT is a brand that has been offering strong, durable, beautiful and high quality products for the past one hundred years.","कैट एक ऐसा ब्राड है जो पिछले सौ साल से मजबूत, टिकाऊ, सुंदर और बेहतरीन उत्पाद पेश कर रहा है।",सी. टी. वी.,"CAT is a brand that has been offering strong, durable, beautiful and high quality products for the past one hundred years.",<extra_id_0>
Each of its products is made in the USA and represents the true CAT lifestyle.,इसका हर उत्पाद यूएसए में पैदा हुआ है और सही मायने में कैट लाइफस्टाइल को पेश करता है।,इसकी हर चीज़ यू. एस.,Each of its products is made in the USA and represents the true CAT lifestyle.,<extra_id_0>
It is the perfect gift for your relatives and loved ones.,यह आपके सगे संबंधियों और प्रियजनों के लिए एक समूचा उपहार है।,यह आपके रिश्‍तेदारों और प्रिय जनों के लिए एक परिपूर्ण उपहार है ।,It is the perfect gift for your relatives and loved ones.,<extra_id_0>
"This collection is ideal for the modern shopper who like this style of footwear, whether female or male.",यह कलेक्शन स्टाइल पसंद करने वाले आधुनिक शॉपर्स के लिए है जो शानदार फुटवियर की रेज को पसंद करते है चाहे वह महिला हों या पुरुष।,यह संग्रह आधुनिक दुकान - चालकों के लिए एक आदर्श है जो स्त्री या पुरुष की तरह है ।,"This collection is ideal for the modern shopper who like this style of footwear, whether female or male.",<extra_id_0>
"Available in this style are mid-cuts and wheel boots along with slip-ons and sandals made of premium leather, suede and canvas.","इसके स्टाइल में मिटकट और चक्का बूट्स से लेकर प्रिमियम लेदर, सुवेड और कैनवस के स्लिपऑन और सैंडल उपलब्ध है।","इस शैली में उपलब्ध हैं और चक्रों के बीच में और जूते जूते जूते, लम और कैनवास के साथ बनाया है.","Available in this style are mid-cuts and wheel boots along with slip-ons and sandals made of premium leather, suede and canvas.",<extra_id_0>
To make this footwear collection even more impressive even a denim range is also available.,इसकी फुटवियर कलेक्शन को चार चाद लगाने के लिए डेनिम की रेज भी उपलब्ध है।,इस पैर के संग्रह को और भी प्रभावशाली बनाने के लिए भी उपलब्ध है ।,To make this footwear collection even more impressive even a denim range is also available.,<extra_id_0>
"It includes woven trousers, graphic T-shirts, polo neck T-shirts, shorts, skirts and jackets.","इसमें वूवन पैंट्स, ग्राफिक टीज, पोलो टी शर्टे, शर्टे, शॉट्स, स्कर्टे और जैकेटें इत्यादि शामिल है।","इसमें पैंक्रियाज़, चित्र टी-लैक्स, फ़ो- गरदन त्स, छोटे, कपड़े और जैकेट शामिल हैं.","It includes woven trousers, graphic T-shirts.",<extra_id_0> English to Hindi
"CAT, in a way, is the blend of durability and lifestyle.",कैट एक तरह से मजबूती और लाइफ स्टाइल का मिलन है।,सी. टी.,"CAT, in a way, is the blend of durability and lifestyle.",<extra_id_0>
Luggage and travel gear is also available here.,यहा पर लगेज और ट्रैवल गियर भी उपलब्ध रहते है।,यहाँ भी Luggagov और यात्रा के सामान उपलब्ध हैं.,Luggage and travel gear is also available here.,<extra_id_0>
"MRF has been awarded the JD Power Award, for the tenth time in a row.",एमआरएफ लगातार दसवीं बार जेडी पावर पुरस्कार से सम्मानित,"MRF को JD शक्‍ति Aagad, एक पंक्ति में दसवें समय के लिए दिया गया है.","JD Power Award, for the tenth time in a row",<extra_id_0>
"Chandigarh: India's largest tyre manufacturer and one of the top 15 global tyre companies, MRF has been awarded the JD Power award for the tenth time in a row.",चंडीगढ़ः भारत की सबसे बड़ी टायर निर्माता कंपनी और शीर्ष 15 वैश्विक टायर कंपनियों में से एक एमआरएफ को लगातार दसवीं बार जेडी पावर पुरस्कार से सम्मानित किया गया है।,"Cargargh: भारत का सबसे बड़ा निर्माता और शीर्ष 15 वैश्विक कंपनियों में से एक, MRF को एक पंक्ति में दसवें समय के लिए JDF पुरस्कार पुरस्कार दिया गया है।",MRF has been awarded the JD Power award for the tenth time in a row.,<extra_id_0>
This award is widely considered the equivalent of the Oscars by peers in the automotive sector and it is the most recognized in the industry.,यह पुरस्कार व्यापक रूप से मोटर वाहन क्षेत्र में साथियों द्वारा आस्कर के समकक्ष माना जाता है और उद्योग में सबसे ज्यादा मान्यता रखता है।,इस पुरस्कार को व्यापक रूप से ऑटोमा क्षेत्र में समकक्षों द्वारा समकक्षों के बराबर माना जाता है और यह उद्योग में सबसे पहचाना जाता है ।,This award is widely considered the equivalent of the Oscars by peers in the automotive sector and it is the most recognized in the industry.,<extra_id_0>
Very few companies have received this award for so many consecutive years.,बहुत कम कंपनियों को यह पुरस्कार इतने वर्षो तक लगातार मिला है।,बहुत कम कंपनियों को यह पुरस्कार इतने लगातार कई सालों से मिला है ।,Very few companies have received this award for so many consecutive years.,<extra_id_0>
MRF has increased the size of the MRF ZLO Performance radials for high level vehicles.,एमआरएफ ने एमआरएफ जेएलओ नामक पफार्मेस रेडियल टायरों की सीमा में उच्च स्तर के वाहनों के लिए इजाफा किया है।,एमआरएफ ने उच्च स्तर की गाड़ियों के लिए MRF ZLO परफ़ॉर्मेंस का आकार बढ़ाया है.,MRF has increased the size of the MRF ZLO Performance radials for high level vehicles.,<extra_id_0>
"Low profile tyres in the range of 40,45 and 55 are now available for many vehicles including Audi, BMW, Mercedes and Jaguar. More than 70 models of premium vehicles in the size 13 range, can now seen on Indian Roads.","ऑडी, बीएमडब्ल्यू, मर्सडीज और जगूआर से लेकर कई अन्य वाहनों के लिए 40, 45 और 55 श्रेणी के कम प्रोफाइल वाले टायर अब उपलब्ध है। 13 आकार की सीमा में अब भारतीय सड़कों के 70 से ज्यादा प्रीमियम वाहनों के मॉडल शामिल है।","40, 45 और 55 की सीमा में कम प्रोफ़ाइलों के लिए अब अनेक वाहनों के लिए उपलब्ध हैं, जिनमें ऑडियो, बीएमई, मर्सिली और जॆर भी शामिल हैं. आकार 13 सीमा में 70 से भी ज़्यादा मॉडल हैं, अब भारतीय सड़कों पर देख सकते हैं.","Low profile tyres in the range of 40,45 and 55 are now available for many vehicles including Audi, BMW, Mercedes and Jaguar. More than 70 models of premium vehicles in the size 13 range, can now seen on Indian Roads.",<extra_id_0>.
"The Due-guard company presented a water purifier to the Naya Nangal Temple of Lord Valmiki, for safe drinking water.",नया नंगल के भगवान वाल्मीकि मंदिर में स्वच्छ पेयजल के लिए ड्यू गार्ड कंपनी की ओर से वाटर प्यूरीफायर भेंट किया गया है।,"इस शहर के रक्षा दल ने प्रभु वैली के मंदिर के पास एक जल से प्रवेश किया, जहाँ से पीने का पानी मिलता है।","The Due-guard company presented a water purifier to the Naya Nangal Temple of Lord Valmiki, for safe drinking water.",<extra_id_0>
"After receiving the water purifier from the company representatives J.K. Kaushik and Khushbu Kaushik, the Temple president Virendra Adiya said that this social act was very commendable, because now all the worshippers coming to the temple could enjoy clean drinking water.","कंपनी के प्रतिनिधि जेके कौशिक व खुशबू कौशिक की ओर से मंदिर को भेंट किया गया वाटर प्यूरीफायर प्राप्त कर मंदिर अध्यक्ष वीरेंद्र आदिया ने कहा कि समाज सेवा का यह कार्य सराहनीय है, क्योंकि अब मंदिर में आने वाले भक्तजन स्वच्छ पेयजल का उपयोग कर सकेंगे।","इसके बाद, मंदिर के राष्ट्रपति वशश कुशाई ने कहा कि यह सामाजिक कार्य बहुत ही प्रशंसनीय था, क्योंकि अब सभी उपासक मंदिर में आए हुए पानी को साफ - सुथरा रख सकते हैं ।","After receiving the water purifier from the company representatives J.K. Kaushik and Khushbu Kaushik, the Temple president Virendra Adiya said that this social act was very commendable, because now all the worshippers coming to the temple could enjoy clean drinking water.",<extra_id_0>
"The 77 year old former Italian Prime Minister, Silvio Berlusconi, known for his Bunga Bunga parties, has married a 28 year old girl in an extremely secretive manner.",बुंगा-बुंगा पार्टियों के लिए चर्चित इटली के पूर्व प्रधानमंत्री 77 वर्षीय सिल्वियो बर्लुस्कोनी ने 28 वर्षीय लड़की से बेहद खुफिया तरीके से शादी कर ली है।,"77 साल का भूतपूर्व प्रधान मंत्री, सलिवो बॉवॉइ ने अपनी पिगा पार्टी के लिए जाने जाते हुए एक 28 साल की लड़की से शादी कर ली है ।","The 77 year old former Italian Prime Minister, Silvio Berlusconi, known for his Bunga Bunga parties, has married a 28 year old girl in an extremely secretive manner.",<extra_id_0>
"This was revealed by a family friend, Marythell Polanco.",यह खुलासा उनके पारिवारिक मित्र मार्थेल पोलांको ने किया है।,"इस बात को परिवार के एक मित्र, मॆरी पोल्सो ने प्रकट किया ।","This was discovered by a family friend, Marythell Polanco.",<extra_id_0>
"According to her, the three times Prime Minister Berlusconi has married former TV anchor Francisca Pascale in his private chapel.","उनके मुताबिक, तीन बार प्रधानमंत्री रह चुके बर्लुस्कोनी ने पूर्व टीवी एंकर फ्रांसिस्का पास्कल से अपने निजी चैपल में शादी कर ली है।",उसका कहना है कि तीन बार प्रधानमंत्री भूतपूर्व टीवी एंकर फ्रांसिसो ने अपनी निजी उपासना में भूतपूर्व लंगरों की शादी कर ली है।,"According to her, the three times Prime Minister Berlusconi has married former TV anchor Francisca Pascale in his private chapel.",<extra_id_0>.
Francisca met Berlusconi when she was a teenage activist with the Forza Italia Party.,"फ्रांसिस्का की बलुस्कोनी से मुलाकात तब हुई थी, जब वह फोर्जा इटालिया पार्टी में टीनेज एक्टिविस्ट थीं।",फ्रांसिसका ने ब्लैन्टी से मुलाकात की जब वह एक किशोर कार्यकर्ता था के साथ ... ... surriamia पार्टी के साथ.,Francisca met Berlusconi when she was a teenage activist with the Forza Italia Party.,<extra_id_0>.
"This is the same Francisca, about whom it has been said that her relationship with Berlusconi is a sham.","यह वहीं फ्रांसिस्का हैं, जिनके रिश्ते के बारे कहा जा रहा था कि बलरुस्कोनी के साथ उनका रिश्ता महज दिखावा है।","यह वही फ्रांसिसका है, जिसके बारे में कहा गया है कि Berrersoni के साथ उसका रिश्‍ता एक साम है ।","This is the same Francisca, about whom it has been said that her relationship with Berlusconi is a sham.",<extra_id_0>
Berlusconi's close friend and the Bunga Bunga Girl Marythell Polanco revealed that she was also invited to this secret wedding.,बर्लुस्कोनी की नजदीकी दोस्त और बुंगा-बुंगा गर्ल मार्थेल पोलांको ने खुलासा किया है कि उन्हें भी इस खुफिया विवाह में आमंत्रित किया गया था।,"ब्लू के करीब दोस्त और बनगा बूका लड़की, मैरी पोल्सको ने प्रकट किया कि उसे भी इस गुप्त शादी के लिए आमंत्रित किया गया था।",Berlusconi's close friend and the Bunga Bunga Girl Marythell Polanco revealed that she was also invited to this secret wedding.,<extra_id_0>
This ceremony took place three weeks ago.,यह समारोह तीन हफ्ते पहले ही हुआ है।,यह समारोह तीन सप्ताह पहले हुआ था.,This ceremony took place three weeks ago.,<extra_id_0>
"During the revelation on Italian Radio 2, when Polanco was asked what would happen if those two were to get married, Polanco replied that they are already married.","इटैलियन रेडियो2 पर हुए खुलासे में जब पोलांको से पूछा गया कि अगर यह दोनों शादी कर लें तो क्या होगा, इस पर पोलांको ने कहा है कि वे दोनों पहले से ही शादीशुदा हैं।","इतालवी रेडियो २ पर प्रकाश के दौरान, जब पोलिकाको से पूछा गया कि क्या होगा यदि वे दोनों विवाह करने के लिए होंगे, पोलिकाको ने जवाब दिया कि वे पहले से ही विवाहित हैं ।","During the revelation on Italian Radio 2, when Polanco was asked what would happen if those two were to get married, Polanco replied that they are already married.",<extra_id_0>
This was not a public ceremony.,यह कोई सार्वजनिक समारोह नहीं था।,यह एक सार्वजनिक समारोह नहीं था ।,This was not a public ceremony.,<extra_id_0>
This wedding was held in the chapel at the former Prime Minister's home.,यह शादी पूर्व प्रधानमंत्री के घर में स्थित निजी चैपल में हुई थी।,इस शादी को भूतपूर्व प्रधानमंत्री के घर में गिरजे में आयोजित किया गया था.,This wedding was held in the chapel at the former Prime Minister's home.,<extra_id_0>
"Other than this, no one can say anything more.",इसके अलावा कोई कुछ नहीं बता सकता।,"इसके अलावा, कोई और अधिक कुछ नहीं कह सकता है.","Other than this, no one can say anything more.",<extra_id_0>
"However, she did not go to the wedding.",हालांकि वह इस शादी में नहीं गई।,"लेकिन, वह शादी के लिए नहीं गयी ।","However, she did not go to the wedding.",<extra_id_0>
She had sent her best wishes to the newlyweds.,उन्होंने अपनी बधाई नवजोड़े को भेज दी है।,उसने अपनी सबसे अच्छी इच्छा शादी करने के लिए भेजी थी ।,She had sent her best wishes to the newlyweds.,<extra_id_0>
They got married about three weeks ago on October 8th or 9th.,दोनों ने करीब तीन हफ्ते पहले यानी 8 या 9 अक्टूबर को विवाह रचाया।,अक्‍तूबर ८ या ९वें पर उन्होंने लगभग तीन सप्ताह पहले शादी कर ली ।,They got married about three weeks ago on October 8th or 9th,<extra_id_0>
"He got engaged about 8 months ago to the 28 year old woman, Francesca Pascale, who is 50 years younger than him.",करीब 8 महीने पहले अपने से 50 साल छोटी 28 वर्षीय महिला फ्रांसेस्का पास्कल से सगाई की थी।,"उसे करीब 8 महीने पहले 28 साल की महिला, फ्रांस के वासियों के पास लाया गया था, जो उससे 50 साल छोटे हैं ।","He got engaged about 8 months ago to the 28 year old woman, Francesca Pascale, who is 50 years younger than him.",<extra_id_0>
"To avoid embarrassment, Berlusconi claimed loneliness as the reason for his decision to marry.",किरकिरी से बचने के लिए बर्लुस्कोनी ने अपने इस फैसले के पीछे अकेलेपन को आधार बनाया था।,"शर्म से बचने के लिए, ब्लू ने अपने निर्णय के कारण अकेलेपन का दावा किया ।","To avoid embarrassment, Berlusconi claimed loneliness as the reason for his decision to marry.",<extra_id_0>
"Between the hide and seek with the sun, rain continued in low-lying areas.",निचले इलाकों में भी सूरज की आंख-मिचौली के बीच रुक-रुककर बारिश जारी रही।,छिपने और धूप से बचने के लिए बारिश कम हो जाती थी ।,"Between the hide and seek with the sun, rain continued in lowlying areas.",<extra_id_0>
This created a cold front in the valley.,इसके साथ ही पूरी वादी में शीतलहर शुरू हो गई है।,यह घाटी में एक ठंड सामने बनाया.,This created a cold front in the valley.,<extra_id_0>
"The cold could be gauged by the fact that the minimum temperature at Shrinagar was 4.8 degrees Celsius, in Gulmarg it was below 0 at -0.2 degrees and in Leh it reached -1.8 degrees Celsius.","ठंड का अंदाजा इसी बात से लगाया जा सकता है कि श्रीनगर में न्यूनतम तापमान 4.8 डिग्री सेल्सियस, गुलमर्ग में शून्य से नीचे -0.2 डिग्री और लेह में -1.8 डिग्री सेल्सियस पहुंच गया है।",यह इस बात से पता लगाया जा सकता है कि श्‍गर में कम - से - कम तापमान 4 डिग्री सेल्सियस था ।,"The cold could be gauged by the fact that the minimum temperature at Shrinagar was 4.8 degrees Celsius, in Gulmarg it was below 0 at -0.2 degrees and in Leh it reached -1.8 degrees Celsius.",<extra_id_0>
Leh was the coolest place in the whole state.,पूरे राज्य में लेह सबसे ठंडा रहा।,लेओ पूरे राज्य में सबसे शांत जगह थी.,Leh was the coolest place in the whole state.,<extra_id_0>
"However, due to rain and snow the strategically important Srinagar to Leh national highway has been closed to traffic.","वहीं, बारिश और हिमपात के चलते सामरिक दृष्टि से महत्वपूर्ण श्रीनगर-लेह राष्ट्रीय राजमार्ग यातायात के लिए बंद हो गया है।","लेकिन, बारिश और हिम के कारण लेघा राष्ट्रीय सड़क पर ख़तरनाक रीति से बंद कर दिया गया है ।","However, due to rain and snow the strategically important Srinagar to Leh national highway has been closed to traffic.",<extra_id_0>
There is heavy snowfall in the Jozilla Pass.,जोजिला दर्रे पर भारी हिमपात हुआ है।,जेजेा पास में भारी बरफबारी गिरता है.,There is heavy snowfall in the Jozilla Pass.,<extra_id_0>
This is the fourth snowfall of the season in the Kashmir valley and the first heavy snowfall.,कश्मीर के पहाड़ी इलाकों में इस मौसम का यह चौथा और पहला भारी हिमपात हुआ है।,यह नामी घाटी के मौसम और पहली भारी बर्फबारी का चौथा हिमोज है.,This is the fourth snowfall of the season in the Kashmir valley and the first heavy snowfall.,<extra_id_0>
"Due to the western disturbance activity, since the early hours of Thursday the higher hilly regions have experienced some snowfall and the low lying areas had rainfall, that continued until late into the evening.","पश्चिमी विक्षोभ की सक्रियता के कारण वीरवार तड़के ही वादी के उच्चपर्वतीय इलाकों में हिमपात व निचले इलाकों में बारिश का दौर शुरू हो गया, जो देर शाम तक जारी रहा।","पश्‍चिमी उपद्रवी गतिविधि के कारण, गुरुवार के उच्च पहाड़ी क्षेत्रों के आरंभिक घंटों से बर्फ के झोंके और नीचे पड़े झूठे क्षेत्रों का अनुभव किया गया है, और यह शाम तक जारी रहा है ।","Due to the western disturbance activity, since the early hours of Thursday the higher hilly regions have experienced some snowfall and the low lying areas had rainfall, that continued until late into the evening.",<extra_id_0>.
Normal life has also been affected by the cold.,ठंड से सामान्य जनजीवन भी प्रभावित होकर रह गया।,सामान्य जीवन भी ठंड से प्रभावित हुआ है ।,Normal life has also been affected by the cold.,<extra_id_0>
People remained in their homes to avoid the cold.,शीतलहर से बचने के लिए लोग घरों में दुबके रहे।,लोग ठंड से बचने के लिए अपने घरों में रहे ।,People remained in their homes to avoid the cold.,<extra_id_0>
"Meanwhile, the electricity supply has also failed in this area.","इस बीच, कई इलाकों में बिजली आपूर्ति भी ठप रहा।","इस बीच, इस क्षेत्र में बिजली की आपूर्ति भी असफल हुई है ।","Meanwhile, the electricity supply has also failed in this area.",<extra_id_0>
The day temperatures in Shrinagar were four degrees below normal and were recorded at 13.7 degrees Celsius.,श्रीनगर का दिन का अधिकतम तापमान सामान्य से चार डिग्री नीचे 13.7 डिग्री सेल्सियस दर्ज किया गया।,यह तापमान 13 डिग्री सेल्सियस तक फैला हुआ था ।,The day temperatures in Shrinagar were four degrees below normal and were recorded at 13.7 degrees Celsius.,<extra_id_0>
"Due to the rains along with strong winds in Jammu in the early morning of Thursday, the cold increased at night.",वहीं जम्मू में भी वीरवार तड़के तेज हवा के साथ हुई बारिश के कारण रात के समय ठंड बढ़ गई है।,"इसके अलावा, गुरुवार की सुबह के वक्‍त जामू में मूसलाधार बारिश होने की वजह से रात में ठंड बढ़ती गयी ।","Due to the rains along with strong winds in Jammu in the early morning of Thursday, the cold increased at night",<extra_id_0> in Hindi
A minimum temperature of 16.6 and a maximum temperature of 27.0 degrees Celsius were recorded in Jammu.,जम्मू में न्यूनतम तापमान 16.6 और अधिकतम 27.0 डिग्री सेल्सियस रिकॉर्ड किया गया।,"सन्‌ 1666 का न्यूनतम तापमान और 27 डिग्री सेल्सियस का तापमान, जामी में रिकॉर्ड किया गया था ।",Temperatures recorded in Jammu in the last 24 hours,<extra_id_0>
"According to the weather department, the influence of the western disturbances is declining and the weather will improve by Friday.","मौसम विभाग के अनुसार, पश्चिमी विक्षोभ का प्रभाव घटने लगा है और शुक्रवार से मौसम में सुधार आएगा।",मौसम विभाग के मुताबिक पश्‍चिम गड़बड़ी का असर बढ़ता जा रहा है और मौसम शुक्रवार तक सुधरता है ।,"According to the weather department, the influence of the western disturbances is declining and the weather will improve by Friday.",<extra_id_0>
"According to the Shrinagar weather department's Director, Sonam Lots, the weather in the valley from November the first to the seventh is expected to be dry.",श्रीनगर स्थित मौसम विभाग के निदेशक सोनम लोट्स के अनुसार पहली नवंबर से एक सात नवंबर तक वादी में मौसम शुष्क रहने की संभावना है।,"श्‍गरियन मौसम विभाग के वकील, बेटाम लूत, के मुताबिक पहली बार नवंबर से लेकर सातवें तक की घाटी में मौसम खराब होने की उम्मीद की जाती है ।","According to the Shrinagar weather department's Director, Sonam Lots, the weather in the valley from the first to the seventh is expected to be dry.",<extra_id_0> -
"Asaram, jailed on sexual assault charges, was once again disappointed by the Supreme Court on Friday.",यौन उत्पीड़न के आरोप में जेल में बंद आसाराम को शुक्रवार को एक बार फिर सुप्रीम कोर्ट से निराशा ही हाथ लगी।,"एक बार फिर, शुक्रवार के हाई कोर्ट ने आसाराम को फिर से निराश कर दिया ।","Asaram, jailed on sexual assault charges, was once again disappointed by the Supreme Court on Friday.",<extra_id_0>.
"It was pleaded on behalf of Asaram that the media coverage is presenting him as a kind of Dracula drinking the blood of children, but the Supreme Court denied his request to ban the media coverage.","आसाराम की ओर से दलील दी गई मीडिया कवरेज में उन्हें बच्चों का रक्त पीने वाले ड्रैकुला के रूप में पेश किया जा रहा है, लेकिन अदालत ने मीडिया कवरेज पर रोक लगाने की उनकी मांग खारिज कर दी।","आसाराम के पक्ष में यह निवेदन किया गया कि मीडिया ने उसे बच्चों का खून पीने के रूप में प्रस्तुत किया है, लेकिन सर्वोच्च न्यायालय ने मीडिया के प्रतिबंध पर प्रतिबंध लगाने के लिए उसकी बिनती को अस्वीकार किया ।","It was pleaded on behalf of Asaram that the media coverage is presenting him as a kind of Dracula drinking the blood of children, but the Supreme Court denied his request to ban the media coverage.",<extra_id_0>
Chief Judge P. Satshivam's panel refused to ban the media coverage about Asaram and said that they had read every word reported by the media and had not found anything objectionable in it.,मुख्य न्यायाधीश पी. सतशिवम की पीठ ने आसाराम के बारे में मीडिया को खबर चलाने से रोकने का आदेश देने से इन्कार करते हुए कहा कि उन्होंने मीडिया में रिपोर्ट किए गये हर शब्द को देखा है और उन्हें उसमें दखल देने का कोई कारण नजर नहीं आता।,मुख्य न्यायाधीश पी. रिशीशीवा के पैनल ने आसाम के बारे में मीडिया विस्तार पर प्रतिबंध लगाने से इनकार कर दिया और कहा कि वे मीडिया द्वारा रिपोर्ट किए गए हर शब्द को पढ़ने से इनकार कर दिया था और इसमें कोई आपत्ति नहीं थी.,Chief Judge P. Satshivam's panel refused to ban the media coverage about Asaram and said that they had read every word reported by the media and had not found anything objectionable in it.,<extra_id_0>.
When they are receiving information from the police and other people how can we stop them?,जब पुलिस और अन्य लोगों से वे सूचनाएं हासिल कर रहे हैं तो हम उन्हें कैसे रोक सकते हैं।,जब पुलिस और अन्य लोगों से जानकारी प्राप्त की जाती है तो हम उन्हें कैसे रोक सकते हैं?,When they are receiving information from the police and other people how can we stop them?,<extra_id_0>
Before that Asaram's lawyers accused the media of showing highly biased news.,इससे पहले आसाराम के वकील ने मीडिया पर आरोप लगाया कि वह उनके बारे में बढ़ा-चढ़ा कर खबरें दिखा रहा है।,इससे पहले कि आसाराम के वकील ने मीडिया पर बहुत अत्याचार किया।,Before that Asaram's lawyers accused the media of showing highly biased news.,<extra_id_0>
The country has so many newspapers and news channels.,देश में इतने अखबार और चैनल हैं।,इस देश में इतने सारे समाचार पत्र और समाचार चैनल हैं ।,The country has so many newspapers.,<extra_id_0>
"They cannot file cases against every one of them, but the panel was not influenced by this plea and refused to file a complaint, saying that they had other options too.","वे किस-किस के खिलाफ मामला दाखिल करें, लेकिन पीठ इन दलीलों से प्रभावित नहीं हुई और मामले में दखल देने से इन्कार करते हुए कहा कि उनके पास और भी विकल्प हैं।","वे हर किसी के खिलाफ कुछ भी नहीं कर सकते, लेकिन पैनल में इस बिनती का असर नहीं हुआ और न ही उन्होंने शिकायत की कि उनके पास भी दूसरे विकल्प थे ।","They cannot file cases against every one of them, but the panel was not influenced by this plea and refused to file a complaint, saying that they had other options too.",<extra_id_0>.
The Court has already previously denied Asaram's request to ban the media coverage.,इससे पहले भी एक बार कोर्ट मीडिया कवरेज पर रोक लगाने की आसाराम की मांग ठुकरा चुका है।,अदालत ने पहले ही आसाराम के निवेदन को मना कर दिया है मीडिया कवरिंग पर प्रतिबंध लगाने के लिए.,The Court has already previously denied Asaram's request to ban the media coverage.,<extra_id_0>.
The officers of the department claim that this is the biggest case of TDS theft to date.,विभाग के अधिकारियों का दावा है कि यह अब तक की सबसे बड़ी टीडीएस चोरी का मामला है।,विभाग के अफसर दावा करते हैं कि यह टी. वी.,The officers of the department claim that this is the biggest case of TDS theft to date.,<extra_id_0>
"The director of the Mall group made payments to all the financial institutions after deducting the TDS, but did not deposit it in the government treasury.","मॉल के ग्रुप संचालक ने टीडीएस काटकर संबंधित वित्तीय संस्थानों को भुगतान तो किया, लेकिन सरकारी खजाने में इसका भुगतान नहीं किया।",लेकिन सरकार के भंडार में इसे जमा नहीं किया गया ।,"The director of the Mall group made payments to all the financial institutions after deducting the TDS, but did not deposit it in the government treasury.",<extra_id_0>.
In this way he kept the accumulated TDS amount.,ऐसा करके टीडीएस का रुपया खुद के पास जमा करता रहा।,इस तरह उसने जमा टी.,In this way he kept the accumulated TDS amount.,<extra_id_0>
"The Mumbai Income Tax team, along with the team from the Jaipur Income tax department, raided this group on October 17th.",इस ग्रुप पर 17 अक्टूबर को मुंबई से आई अन्वेषण टीम ने जयपुर अन्वेषण टीम के साथ मिलकर कार्रवाई की थी।,मुंबई में इस टीम ने 17 अक्टूबर को इस समूह पर हमला किया।,"The Mumbai Income Tax team, along with the team from the Jaipur Income tax department, raided this group on October 17th.",<extra_id_0>
During the investigation of this group it was revealed that this businessman had deducted the TDS but had not paid it in.,इसी कड़ी की जांच में पता चला था कि इस व्यापारी ने टीडीएस तो काटा है लेकिन जमा नहीं कराया।,इस समूह की जाँच के दौरान यह प्रकट किया गया कि इस व्यापारी ने टी.,During the investigation of this group it was revealed that this businessman had deducted the TDS but had not paid it in.,<extra_id_0>
This is why the TDS team initiated an income tax survey of this group.,इसी कारण से टीडीएस की टीम ने गुरुवार को इस ग्रुप पर आयकर सर्वे की कार्रवाई शुरू की थी।,इस कारण टीडीएस टीम ने इस समूह के एक आय टैक्स का सर्वेक्षण शुरू किया ।,This is why the TDS team initiated an income tax survey of this group.,<extra_id_0>
"About 15 days before, raids and a survey was carried out on the mall's group of directors, before there was any risk of the accounts being sealed.",खाते सील होने का खतरा करीब 15 दिन पूर्व इस मॉल संचालक के ग्रुप पर छापे और सर्वे की कार्रवाई हुई थी।,"लगभग 15 दिन पहले, हमलों और एक सर्वे के निदेशकों के समूह पर किया गया था, इससे पहले कि वहाँ पर मुहर लगाने का कोई ख़तरा नहीं था.","About 15 days before, raids and a survey was carried out on the mall's group of directors, before there was any risk of the accounts being sealed.",<extra_id_0>
"Angry with these actions, the businessman clearly told the officers of the income tax department that he is not ready to pay the TDS amount due to the income tax department right now.",इस कार्रवाई से नाराज इस व्यापारी ने आयकर विभाग के अधिकारियों को साफ कह दिया है कि वे अभी आयकर विभाग को टीडीएस का रुपया चुकाने को तैयार नहीं हैं।,इन कामों से व्यापारी ने साफ - साफ बता दिया कि अब वह कर के विभाग के अधिकारियों को पैसे देने के लिए तैयार नहीं है ।,"Angry with these actions, the businessman clearly told the officers of the income tax department that he is not ready to pay the TDS amount due to the income tax department right now.",<extra_id_0>.
The Income tax department is continuing to target him and take action.,आयकर विभाग उन्हें लगातार टारगेट करके कार्रवाइयां कर रहा है।,आक कर विभाग उसे लक्ष्य रखने और कार्यवाही करने के लिए जारी है।,The Income tax department is continuing to target him and take action.,<extra_id_0>
In this case the officers have explained that if payment is not made the accounts will be frozen and a recovery procedure will be initiated.,इस मामले में जांच कर रहे अधिकारियों ने स्पष्ट किया है कि भुगतान नहीं होने की स्थिति में खाते सील करके रिकवरी की कार्रवाई की जाएगी।,इस मामले में अधिकारियों ने समझाया है कि यदि भुगतान नहीं किया जाता है तो लेखा जमा किया जाएगा और एक चंगाई प्रक्रिया शुरू की जाएगी ।,In this case the officers have explained that if payment is not made the accounts will be frozen and a recovery procedure will be initiated.,<extra_id_0>
As Diwali is approaching the demand for desserts has increased.,दीपावली को देखते हुए मिठाई की मांग बढ़ जाती है।,"जैसे - जैसे डेढ़ साल की उम्र में यह बीमारी बढ़ती जा रही है, वैसे - वैसे यह बीमारी बढ़ती जा रही है ।",As Diwali is approaching the demand for desserts has increased.,<extra_id_0>
"Because of this, the sale of substandard and counterfeit milk solids has increased.",इसे देखते हुए घटिया व नकली मावे की बिक्री बढ़ जाती है।,"इसके कारण, अधिक नक़ली और नक़ली दूध की बिक्री बढ़ती जा रही है ।","Because of this, the sale of substandard and counterfeit milk solids has increased.",<extra_id_0>
"To make the desserts glossy, colourful and sweet, chemicals that are harmful for the health are being used,.","मिठाई को और चमकदार, रंगीन व मीठा बनाने के लिए रसायनों का उपयोग किया जाता है, जो स्वास्थ्य के लिए खतरनाक है।",ये रसायन उन रसायनों को इस्तेमाल किए जाते हैं जो स्वास्थ्य के लिए हानिकारक हैं ।,"To make the desserts glossy, colourful and sweet, chemicals that are harmful for the health are being used,.",<extra_id_0>
The Food and Drug Administration Department has launched a campaign against fake milk solids and chemical based desserts.,अन्न व औषधि प्रशासन विभाग ने नकली मावा व रसायनयुक्त मिठाई के खिलाफ अभियान छेड़ दिया है।,भोजन और नशीले पदार्थों के प्रशासन विभाग ने नकली दूध के ठोस और रासायनिक आधारों के विरुद्ध अभियान चलाया है ।,The Food and Drug Administration Department has launched a campaign against fake milk solids and chemical based desserts,<extra_id_0>
The department has seized Rs.70 thousand worth of milk solids brought in from Madhya Pradesh and Rs 5 thousand worth chum chum from the Quetta Colony.,विभाग ने मध्यप्रदेश से आया 70 हजार का मावा व क्वेटा कालोनी से 5 हजार का चमचम जब्त किया।,इस विभाग ने राकाउशशश से ५ हज़ार टन का दूध लाने के लिए R.70 हज़ार रुपए इस्तेमाल किए हैं ।,The department has seized Rs.70 thousand worth of milk solids brought in from Madhya Pradesh and Rs 5 thousand worth chum chum from the Quetta Colony.,<extra_id_0>
With the increase in demand of desserts in the market the demand for fake milk solids from Madhya Pradesh has also increased.,बाजार में मिठाई की मांग बढऩे के साथ ही मध्यप्रदेश से घटिया मावे की मांग भी बढ़ गई है।,बाज़ार में गन्‍ने के उत्पादन की माँग करते हुए मद्राशश से नकली दूध की माँग भी बढ़ गयी है ।,With the increase in demand of desserts in the market the demand for fake milk solids from Madhya Pradesh has also increased.,<extra_id_0>
The department received a tip off that substandard milk solids were being brought from Madhya Pradesh to Nagpur and stored in soil.,गंदगी में रखे घटिया मावे को मध्यप्रदेश से नागपुर लाने की सूचना विभाग को मिली।,"इस विभाग को एक रद्द कर दिया गया कि ज़्यादा - से - ज़्यादा मानक दूध ठोस पदार्थ लाया जा रहा था, जो नींगश से लाया जा रहा था और मिट्टी में जमा किया जा रहा था ।",The department received a tip off that substandard milk solids were being brought from Madhya Pradesh to Nagpur and stored in soil.,<extra_id_0>
The milk solids were brought from the transport garage to Nagpur.,ट्रांसपोर्ट गैरेज से मावे की खेप नागपुर मंगाई जा रही है।,दूध की ठोस ज़रूरत को नगंगो के परिवहन से लाया जाता था ।,The milk solids were brought from the transport garage to Nagpur.,<extra_id_0>
The milk solids seized by the department were reported to be worth Rs.70 thousand.,"विभाग ने इस मावे को कब्जे में लिया, जिसकी कीमत 70 हजार रु बताई गई।",इस विभाग ने दूध को पकड़ लिया और कहा कि वह आर.70 हज़ार डॉलर के योग्य है ।,The milk solids seized by the department were reported to be worth Rs.70 thousand.,<extra_id_0>
No one has claimed the milk solids due to the risk of legal action.,कार्रवाई के डर ने किसी ने भी मावे पर हक नहीं जताया।,कोई भी व्यक्‍ति ने यह दावा नहीं किया है कि दूध कानूनी कार्यवाही के ख़तरे के कारण ठोस है ।,No one has claimed the milk solids due to the risk of legal action.,<extra_id_0>
The department has destroyed the same as it was considered unclaimed (unknown).,विभाग ने अनक्लेम (अघोषित) संपत्ति मानकर इसे नष्ट कर दिया।,विभाग ने ऐसे नष्ट कर दिया है जैसे कि यह अज्ञात समझा जाता है.,The department has destroyed the same as it was considered unclaimed (unknown).,<extra_id_0>
The department raided Jitendra Caterers in the Quetta Colony and seized chum chum worth around Rs.5 thousand.,विभाग ने क्वेटा कालोनी स्थित जीतेंद्र कैटरर्स पर छापा मारकर लगभग 5 हजार के चमचम बरामद किए।,इस विभाग ने क्वीरा के क्वीरा शहर में जेजेर के भाई - बहनों पर हमला किया और उन्हें आर.5 हज़ार के आस - पास क्लोम सोने के लायक ले जाया गया ।,The department raided Jitendra Caterers in the Quetta Colony and seized chum chum worth around Rs.5 thousand.,<extra_id_0>
A chemical named sodium hydro-sulphate is used to make the chum chum shiny and more lasting.,चमचम चमकने व ज्यादा दिन तक टिके रहने के लिए सोडियम हाइड्रोसल्फाइट नामक रसायन का इस्तेमाल किया गया था।,इस प्रक्रिया में एक रासायनिक रसायन का प्रयोग होता है जो क्लोम क्लोरीन और ज़्यादा स्थायी बनाने के लिए.,Sodium hydro-sulphate is used to make the chum chum shiny and more lasting.,<extra_id_0>
A sample has been sent to the laboratory.,इसका नमूना प्रयोगशाला भेजा जाएगा।,एक नमूना प्रयोगशाला में भेजा गया है.,A sample has been sent to the laboratory.,<extra_id_0>
"The joint-commissioner of the department, S.S. Deshmukh, said that the campaign to seize chemical based desserts and substandard or counterfeit milk solids will continue.",विभाग के सहआयुक्त एस. एस. देशमुख ने कहा कि रसायनयुक्त मिठाई व घटिया एवं नकली मावे की धरपकड़ का अभियान जारी रहेगा।,"विभाग के संयुक्त कॉम-किंगर, एस. डी. डी. डी. डी. एच. डी.","The joint-commissioner of the department, S.S. Deshmukh, said that the campaign to seize chemical based desserts and substandard or counterfeit milk solids will continue.",<extra_id_0>.
The department also said that in the next few days this campaign would intensify.,अगले कुछ दिनों में यह अभियान और तेज करने की जानकारी विभाग की ओर से दी गई है।,विभाग ने यह भी कहा कि अगले कुछ दिनों में यह अभियान और भी बढ़ जाएगा ।,The department also said that in the next few days this campaign would intensify.,<extra_id_0>
The consumption of these desserts can cause poisoning.,इन मिठाइयों के सेवन से विषबाधा भी हो सकती है।,इन भोजनों का सेवन ज़हर उत्पन्‍न कर सकता है ।,The consumption of these desserts can cause poisoning.,<extra_id_0>
The department has asked tradesmen to use good milk and milk solids when making desserts.,"विभाग ने मिठाई व्यवसायियों को अच्छे दूध, मावे से मिठाई बनाने को कहा।",इस विभाग ने दूध और दूध को अच्छी तरह दूध और ठोस चीज़ों का इस्तेमाल करने की माँग की है ।,The department has asked tradesmen to use good milk and milk solids when making desserts.,<extra_id_0>
An appeal has been made on behalf of the department to the public to beware of fake desserts.,नकली मिठाई व मावे से सावधान रहने की अपील विभाग की ओर से लोगों को की गई है।,एक अपील विभाग के लिए आम जनता के लिए की गयी है ताकि नक़ली रोगाणुओं से सावधान रहें ।,An appeal has been made on behalf of the department to the public to beware of fake desserts,<extra_id_0>
42 selected senior leaders of the state BJP unit gave him a grand reception at the airport.,प्रदेश भाजपा के चुनिन्दा 42 वरिष्ठ नेताओं ने हवाईअड्डा पर उनकी जोरदार अगवानी की।,राज्य के ४२ चुने हुए वृद्ध नेताओं ने उसे हवाई अड्डे पर एक शानदार स्वागत दिया ।,42 selected senior leaders of the state BJP unit gave him a grand reception at the airport.,<extra_id_0>
It is noteworthy that Modi was here on a consolation tour in Bihar organised by the BJP.,उल्लेखनीय है कि मोदी भाजपा द्वारा आयोजित सांत्वना यात्रा के लिए बिहार के दौरे पर आए हैं।,इस बात पर गौर करने लायक बात है कि बीJP ने बी. सी.,It is noteworthy that Modi was here on a consolation tour in Bihar organised by the BJP.,<extra_id_0>
The consolation tour was an exercise organised by the BJP to console the families of the victims of the Patna bomb blasts.,सांत्वना यात्रा का आयोजन पटना में हुए विस्फोटों में मारे गए लोगों के परिजनों को भाजपा की ओर से मरहम लगाने की कवायद है।,बीJP ने एक व्यायाम - यात्रा शुरू की जिसमें पटना बम विस्फोटों के शिकार परिवारों को सांत्वना देने के लिए एक व्यायाम आयोजित किया गया ।,The consolation tour was an exercise organised by the BJP to console the families of the victims of the Patna bomb blasts.,<extra_id_0>.
It is noteworthy that a total of 7 bomb blasts occurred one after the other during Narendra Modi's Hunkaar rally on October 27th.,उल्लेखनीय है कि पटना में 27 अक्टूबर को नरेन्द्र मोदी की हुंकार रैली के दौरान एक के बाद एक कुल सात धमाके हुए थे।,यह गौर करने लायक बात है कि 27 अक्टूबर को नोरा मोडी के हिलर में कुल 7 बम विस्फोटों के एक बाद हुआ।,It is noteworthy that a total of 7 bomb blasts occurred one after the other during Narendra Modi's Hunkaar rally on October 27th.,<extra_id_0>
"Indian Mujahideen terrorists involved in the bombings had intended to cause a stampede during the rally, so that more people would die and to spread panic in the state.","विस्फोटों में संलिप्त रहे इंडियन मुजाहिदीन के आतंकियों की मंशा रैली के दौरान भगदड़ मचाने की थी, ताकि अधिकाधिक लोग हताहत हों और प्रदेश में दहशत का माहौल बने।","भारतीय सरकार ने बमवर्षकों में शामिल आतंकवादीओं को सेना के दौरान रौंदने का इरादा किया था, ताकि ज़्यादा लोग मारे जाएँ और राज्य में आतंक फैलाएँ ।","Indian Mujahideen terrorists involved in the bombings had intended to cause a stampede during the rally, so that more people would die and to spread panic in the state.",<extra_id_0>
The terrorists intentions were thwarted but six people died in the blasts.,"आतंकियों की वह मंशा तो कामयाब नहीं हुई, लेकिन विस्फोटों में छह लोगों की जान चली गई।",आतंकवादी उद्देश्‍य असफल हुए लेकिन छः लोग विस्फोटों में मारे गए ।,The terrorists intentions were thwarted but six people died in the blasts.,<extra_id_0>
They all have been declared to be martyrs by the BJP.,उन सभी को भाजपा ने शहीद घोषित किया है।,वे सभी को बJP द्वारा शहीद होने के लिए घोषित किया गया है.,They all have been declared to be martyrs by the BJP.,<extra_id_0>
An urn tour was organized from their village by the party leaders on Thursday.,उनके गांव से अस्थि-कलश लेकर पार्टी के नेता गुरुवार से यात्रा पर निकले हैं।,एक यूरर्न का दौरा अपने गाँव के नेताओं द्वारा गुरुवार को आयोजित किया गया था ।,An urn tour was organized from their village by the party leaders on Thursday.,<extra_id_0>
Their remains were buried in the Ganges in Patna on November 5th.,पांच नवम्बर को उन सभी की अस्थियां पटना में गंगा में एक साथ प्रवाहित की जाएंगी।,नवंबर 5वें को पटाका में उनके बचे हुए हिस्से को मिट्टी दी गयी ।,Their remains were buried in the Ganges in Patna on November 5th.,<extra_id_0>
The consolation tour was a part of this tour.,इसी यात्रा के अंश रूप में सांत्वना यात्रा का आयोजन है।,इस यात्रा का एक भाग था ।,The consolation tour was a part of this tour.,<extra_id_0>
The main player in this was Narendra Modi.,इसके मुख्य किरदार नरेन्द्र मोदी हैं।,इस में मुख्य खिलाड़ी नोरा मोडी था.,The main player in this was Narendra Modi.,<extra_id_0>
He will be going to the villages of the people killed in the bomb blasts to meet the families.,वे शनिवार सुबह सात बजे से विस्फोटों में मारे गए लोगों के गांव जाकर उनके परिजनों से मिलेंगे।,वह उन लोगों के गाँवों में जा रहा होगा जो बम विस्फोटों में मारे गए थे परिवारों से मिलने के लिए.,He will be going to the villages of the people killed in the bomb blasts to meet the families.,<extra_id_0>
During this meeting and visit he will be donating cheques worth five lakh rupees to each family of the deceased.,इस भेंट-मुलाकात के दौरान वे मृतकों के परिजनों को पांच-पांच रुपये का चेक भी प्रदान करेंगे।,इस सभा में और भेंट के दौरान वह मृत परिवार के हर परिवार के लिए पाँच लाख रुपये का मूल्य तय करेगा ।,During this meeting and visit he will be donating cheques worth five lakh rupees to each family of the deceased.,<extra_id_0>.
This financial aid has been already announced by the BJP.,इस आर्थिक मदद की घोषणा भाजपा ने पहले से ही कर रखी है।,यह आर्थिक सहायता पहले ही बीJP द्वारा घोषित किया गया है.,This financial aid has been already announced by the BJP.,<extra_id_0>
"When the exciting Indian team plays at the M. Chinnaswamy Stadium after their spectacular win in the last match for the seventh and last one-day against Australia, they will be aiming to win this match and win the series.",पिछले मैच में मिली धमाकेदार जीत से उत्साहित भारतीय टीम शनिवार को जब एम चिन्नास्वामी स्टेडियम में ऑस्ट्रेलिया के खिलाफ सातवें और अंतिम वनडे में उतरेगी तो उसका लक्ष्य जीत के साथ सीरीज पर कब्जा करना होगा।,जब रोमांचक भारतीय टीम एम पर नाटक करती है.,"When the exciting Indian team plays at the M. Chinnaswamy Stadium after their spectacular win in the last match for the seventh and last one-day against Australia, they will be aiming to win this match and win the series.",<extra_id_0>
"After rains washed out the last two one-day matches, they had to win the Nagpur one-day for India to remain in the series, and its batsmen played an amazing game and had a record win, levelling the series at 2-2.","बारिश की वजह से लगातार दो वनडे मैच धुल जाने के बाद सीरीज में बने रहने के लिए भारत को किसी भी हाल में नागपुर वनडे जीतना था और उसके बल्लेबाजों ने धमाकेदार प्रदर्शन करते हुए उसे रिकॉर्ड जीत दिलाई, जिससे टीम ने सीरीज में 2-2 से बराबरी की।","बारिश के बाद पिछले दो दिन के मैचों को धो दिया, वे भारत के लिए एक दिन कॉल जीत लिया था श्रृंखला में रहने के लिए, और उसके bungers एक अद्भुत खेल खेला और एक रिकॉर्ड, 2-2 में श्रृंखला था।","After rains washed out the last two one-day matches, they had to win the Nagpur one-day for India to remain in the series.",<extra_id_0> against
In this series team India has achieved the target of 350 or more runs twice and once again the responsibility to save the team lies with the batsmen.,सीरीज में टीम इंडिया दो बार 350 रन से अधिक के लक्ष्य को दो बार हासिल कर चुकी है और एक बार फिर टीम की नैया पार लगाने की जिम्मेदारी बल्लेबाजों पर ही होगी।,इस श्रृंखला टीम में भारत 350 का लक्ष्य हासिल कर लिया है या उससे ज्यादा दौड़ता है और एक बार फिर टीम को बचाने की ज़िम्मेदारी बल्ले के साथ है।,In this series team India has achieved the target of 350 or more runs twice and once again the responsibility to save the team lies with the batsmen.,<extra_id_0>
Indian batting is at its peak now and even the bigger targets seem small to them.,भारतीय बल्लेबाजी इस समय चरम पर है और बड़े से बडा लक्ष्य भी उसके सामने बौना साबित हो रहा है।,भारतीय bating अब अपने शिखर पर है और यहाँ तक कि बड़े लक्ष्य भी उन्हें छोटा लग रहा है.,Indian batting is at its peak now,<extra_id_0>
"Rohit Sharma, Shikhar Dhawan, Virat Kohile and Mahendra Singh Dhoni are in great form, but the team also has high expectations of Yuvraj Singh, Suresh Raina and Ravindra Jadeja.","रोहित शर्मा, शिखर धवन, विराट कोहली और महेंद्र सिंह धौनी जबरदस्त फॉर्म में हैं, लेकिन युवराज सिंह, सुरेश रैना और रवींद्र जडेजा से भी टीम को खासी उम्मीदें रहेंगी।","जयामामा, शाहरौवान, वीमा और जया सिंह डेनी महान रूप में कर रहे हैं, लेकिन टीम भी यूव्रा सिंह की उच्च अपेक्षा रखते हैं।","Rohit Sharma, Shikhar Dhawan, Virat Kohile and Mahendra Singh Dhoni are in great form, but the team also has high expectations of Yuvraj Singh, Suresh Raina and Ravindra Jadeja.",<extra_id_0>
"As far as opening is concerned, the opening pair of Rohit and Shikhar is making the job easier for the other batsmen, with their strong partnership.",जहां तक ओपनिंग का सवाल है तो रोहित और शिखर के रूप में टीम को ऐसी सलामी जोड़ी मिली है जो ठोस साझेदारी से बाकी बल्लेबाजों का काम आसान कर रही है।,"जहाँ तक खोलने की बात है, रोउत और शिंक का पहला जोड़ा काम कर रहा है... ... अन्य बैंगियों के लिए, उनकी मजबूत साझेदारी के साथ.","As far as opening is concerned, the opening pair of Rohit and Shikhar is making the job easier for the other batsmen, with their strong partnership.",<extra_id_0> -
They gave Virat the opportunity to bat without any pressure in Jaipur and Nagpur with their remarkable opening partnership.,जयपुर और नागपुर में उन्होंने ओपनिंग में शानदार साझेदारी करते हुए विराट को बिना किसी दबाव के खेलने का मौका दिया था।,वे वरार्ट को इस मौके पर भेज दिया गया कि बिना किसी दबाव के... ... और Nagag के साथ उनके असाधारण खोलने वाले साझेदारी के साथ.,They gave Virat the opportunity to bat without any pressure in Jaipur and Nagpur with their remarkable opening partnership.,<extra_id_0>
"Given the great performance by Virat up until now at No.3, he is being seen as the future Sachin Tendulkar.",तीसरे नंबर पर कोहली ने अब तक जो विराट प्रदर्शन किया है उससे उन्हें भविष्य का सचिन तेंदुलकर माना जा रहा है।,"Vrat द्वारा महान प्रदर्शन दिया अब तक नहीं. 3 में, वह भविष्य में Sakack tagack के रूप में देखा जा रहा है.","Given the great performance by Virat up until now at No.3, he is being seen as the future Sachin Tendulkar.",<extra_id_0>
"Actually, a lot of cricket greats have said that he is better than Sachin.",बल्कि कई क्रिकेट पंडितों ने तो उन्हें सचिन से भी बेहतर करार दे दिया है।,"वास्तव में, बहुत से क्रिकेटों ने कहा है कि वह Sakin से बेहतर है।","Actually, a lot of cricket greats have said that he is better than Sachin.",<extra_id_0>
"Virat, who is completing 25 years next week, has scored 17 one-day centuries out of which 16 have lead to an Indian victory.",अगले सप्ताह 25 साल के होने जा रहे विराट 17 वनडे शतक लगा चुके हैं जिनमें से भारत ने 16 में जीत दर्ज की है।,"Vrat, जो अगले सप्ताह 25 साल पूरा हो रहा है, कम से कम 17 सदियों का अंक है जिसमें से 16 की एक भारतीय जीत की ओर ले गया है.","Virat, who is completing 25 years next week, has scored 17 one-day centuries out of which 16 have lead to an Indian victory.",<extra_id_0>
While chasing a target his average is above 80 and he has emerged as a excellent finisher.,लक्ष्य का पीछा करते हुए उनका औसत 80.00 से ऊपर है और वह बेहतरीन फिनिशिर के रूप में उभरे हैं।,जबकि एक लक्ष्य का पीछा करना उसका औसत 80 से ऊपर है और वह एक बढ़िया अंतक के रूप में उभरा है.,While chasing a target his average is above 80 and he has emerged as a excellent finisher.,<extra_id_0>
"The top three batmen of India are in great form, but too much reliance on these three can also be damaging for the team.","भारत के शीर्ष तीन बल्लेबाज तो जोरदार फॉर्म में हैं, लेकिन इन तीनों पर अत्यधिक निर्भरता टीम के लिए नुकसानदेह भी हो सकती है।","भारत के सबसे ऊपर तीन बैंगरों महान रूप में हैं, लेकिन इन तीन पर बहुत ज्यादा भरोसा भी टीम के लिए हानिकारक हो सकता है.","The top three batmen of India are in great form, but too much reliance on these three can also be damaging for the team.",<extra_id_0>
Raina and Yuvraj were very bog flops in the last match.,रैना और युवराज पिछले मैच में बुरी तरह फ्लॉप रहे थे।,इन आखिरी मैचों में मूसलाधार बारिश होती थी ।,Raina and Yuvraj were very bog flops in the last match.,<extra_id_0>
Yuvraj could not even open his account in the two matches of the series.,युवराज तो सीरीज में दो मैचों में खाता भी नहीं खोल पाए हैं।,यु. पू.,Yuvraj could not even open his account in the two matches of the series.,<extra_id_0>
"Because of this, a good innings at the Bengaluru one-day would be a 'lifeline' for him.",ऐसे में उनके लिए बेंगलूर वनडे में अच्छी पारी 'लाइफलाइन' का काम कर सकती है।,"इस के कारण, एक दिन में एक अच्छा चल रहा है उसके लिए एक 'जीवन अवधि' होगा.","Because of this, a good innings at the Bengaluru one-day would be a 'lifeline' for him.",<extra_id_0>.
"As far as Australia team is concerned, their batsmen especially Captain George Bailey, has impressed everyone with his performances.",जहां तक ऑस्ट्रेलिया का सवाल है तो उसके बल्लेबाजों खासकर कप्तान जॉर्ज बेली ने अपने प्रदर्शन से सबको प्रभावित किया है।,"जहाँ तक ऑस्ट्रेलिया की टीम की बात है, उनके बिस्कुटों ने खास तौर पर कप्तान जॉर्ज के दोस्त, हर किसी को उसके प्रदर्शनों से प्रभावित किया है ।","As far as Australia team is concerned, their batsmen especially Captain George Bailey, has impressed everyone with his performances.",<extra_id_0>
There has been demand to include him in the Home Ashes test team against England.,उन्हें इंग्लैंड के खिलाफ घरेलू एशेज सीरीज के लिए टेस्ट टीम में लिए जाने की भी मांग उठ रही है।,उसके लिए यह माँग की गयी है कि वह उसे अपने घर अशाइस में इंग्लैंड के खिलाफ टीम में शामिल करे ।,There has been demand to include him in the Home Ashes test team against England.,<extra_id_0>
Australia has good batsmen up to number nine.,ऑस्ट्रेलिया के पास नौवें नंबर तक अच्छे बल्लेबाज हैं।,ऑस्ट्रेलिया में नौ नंबर करने के लिए अच्छे बल्ला होते हैं.,Australia has good batsmen up to number nine.,<extra_id_0>
"Besides of Bailey, Shane Watson, Glenn Maxwell, Adam Voges and James Faulkner have batted well in the series.","बेली के अलावा शेन वॉटसन, ग्लेन मैक्सवेल, एडम वोग्स और जेम्स फॉकनर ने सीरीज में अच्छी बल्लेबाजी की है।","इसके अलावा, ग्लैडियेन, ग्लैडिस और जेम्स फॉपनर ने श्रृंखला में अच्छी तरह काम किया है ।","Besides of Bailey, Shane Watson, Glenn Maxwell, Adam Voges and James Faulkner have batted well in the series.",<extra_id_0>.
Although Phil Hugh and Eron Finch haven't been able to make an impression at the opening.,हालांकि ओपनिंग में फिल ह्यूंज और एरोन फिंच कोई प्रभाव नहीं छोड़ पाए हैं।,हालांकि फिल Hiov और एरॉन Fane खोलने पर एक प्रभाव बनाने में सक्षम नहीं किया गया है.,Although Phil Hugh and Eron Finch haven't been able to make an impression at the opening.,<extra_id_0>
"However, the absence of bowler Michael Johnson could make things difficult.",गेंदबाजी में मिशेल जॉनसन की कमी ऑस्ट्रेलिया को भारी पड़ सकती है।,"लेकिन, कटोरेवाले की कमी माइकल जॉनसन को कुछ मुश्‍किल कर सकती थी ।","However, the absence of bowler Michael Johnson could make things difficult.",<extra_id_0>
"Johnson, who had been performing well until now in the series, has been sent home to prepare for the Ashes series.",सीरीज में अब तक शानदार प्रदर्शन करने वाले जॉनसन को एशेज सीरीज की तैयारियों के लिए स्वदेश भेज दिया गया है।,"जॉनसन, जो अब तक अच्छी तरह काम कर रहा था, अश्‍लील लेखों के लिए तैयारी करने के लिए घर भेज दिया गया है ।","Johnson, who had been performing well until now in the series, has been sent home to prepare for the Ashes series.",<extra_id_0>
"BJP national executive member and chief spokesperson, Dr Jitendra Singh, said Pakistan is now working on a new strategy to infiltration of terrorist groups under the guise of peace.",भाजपा राष्ट्रीय कार्यकारिणी के सदस्य व मुख्य प्रवक्ता डॉ. जितेंद्र सिंह ने कहा कि पाकिस्तान इस दिखावटी शांति की आड़ में आतंकवादियों की घुसपैठ करवाने की किसी नई नीति काम कर रहा है।,"बीJP राष्ट्रीय प्रशासक सदस्य और मुख्य मंत्री, डॉ Jitorra सिंह ने कहा कि पाकिस्तान में अब आतंकवादी समूहों के बीच शान्ति के युग में एक नई रणनीति पर काम कर रहा है.","BJP national executive member and chief spokesperson, Dr Jitendra Singh, said Pakistan is now working on a new strategy to infiltration of terrorist groups under the guise of peace.",<extra_id_0> to English to Hindi:
"Citing reports from intelligence agencies, Singh said in a statement issued on Thursday that Pakistan is leaving no stone unturned in trying to infiltrate 2,000 terrorists trained in their training camps.",खुफिया एजेंसियों की रिपोर्टो का हवाला देते हुए सिंह ने वीरवार को यहां जारी बयान में कहा कि पाकिस्तान अपने ट्रेनिंग कैंपों में तैयार 2000 के करीब आतंकवादियों की घुसपैठ करवाने के लिए एड़ी चोटी का जोर लगा रहा है।,"फिर भी, कुछ देशों में ऐसे भी लोग हैं जो अपने विश्‍वास की वजह से अपने विश्‍वास को मज़बूत करने के लिए अपनी तरफ से पूरी कोशिश करते हैं ।","Citing reports from intelligence agencies, Singh said in a statement issued on Thursday that Pakistan is leaving no stone unturned in trying to infiltrate 2,000 terrorists trained in their training camps.",<extra_id_0> to Hindi
That is why they will never allow peace to prevail on the border.,इसके लिए वह सीमा पर कभी भी शांति नहीं होने देगा।,इसलिए वे कभी भी सीमा पर शान्ति को प्रबल होने नहीं देंगे ।,That is why they will never allow peace to prevail on the border.,<extra_id_0>
"After the separatists intentions of provoking the people in Kashmir and spreading widespread unrest failed, Pakistan has become more unruly.",कश्मीर में लोगों को भड़का कर बड़े पैमाने पर हालात खराब करने के अलगाववादियों के मंसूबे नाकाम होने के बाद पाकिस्तान और भी बिफरा हुआ है।,इस वजह से पाकिस्तान और भी बेसहारा हो गया है ।,"After the separatists intentions of provoking the people in Kashmir and spreading widespread unrest failed, Pakistan has become more unruly.",<extra_id_0>
"Citing the Pakistan tour of the separatist the BJP leader said that the ISI chief, Lt. Gen Zaheer-ul-Islam, Lashkar, Hizb chief's Hafeez Sayeed and Saiyad Sallahuddin have predicted a rise in terrorism in 2014.","गत वर्ष अलगाववादियों के पाकिस्तानी दौरे का हवाला देते हुए भाजपा नेता कहा कि आइएसआइ चीफ लेफ्टिनेंट जनरल जहीर उल इस्लाम, लश्कर, हिज्ब के सरगना हफीज सईद व सईद सलाहुदीन ने विश्वास दिलाया था कि 2014 में आतंकवाद को हवा दी जाएगी।","पाकिस्तान के दौरे के बारे में BJP नेता का उल्लेख करते हुए कहा कि मैं प्रमुख हूँ, Let. aler-t, Lhrer-phpher-pher-, schhhpher'd प्रधान ने कहा है कि 2014 में आतंकवाद में एक उदय की भविष्यवाणी की है.","Citing the Pakistan tour of the separatist the BJP leader said that the ISI chief, Lt. Gen Zaheer-ul-Islam, Lashkar, Hizb chief's Hafeez Sayeed and Saiyad Sallahuddin have predicted a rise in terrorism in 2014.",<extra_id_0>
Pakistan is seriously trying to complete this promise.,पाकिस्तान इस वायदे को गंभीरता से पूरा करने में जुटा हुआ है।,पाकिस्तान इस वादे को पूरा करने की गंभीरता से कोशिश कर रहा है.,Pakistan is seriously trying to complete this promise.,<extra_id_0>
"The killing of soldiers on the border and suicide bombings in Samba, Hiranagar are part of the same strategy.","सीमा पर सैनिकों की हत्या, सांबा, हीरानगर में आत्मघाती हमले इसी रणनीति का हिस्सा हैं।",सीमा पर सैनिकों की हत्या और साम्बा में आत्महत्या - बलियों की हत्या एक ही रणनीति का हिस्सा हैं ।,"The killing of soldiers on the border and suicide bombings in Samba, Hiranagar are part of the same strategy.",<extra_id_0>
"While stating that under these circumstances demand for the suspension of the special rights of the army would be dangerous, he said that saying such things before things cool down in the state is also not in the public interest.",ऐसे हालात में राज्य में सेना के विशेषाधिकारों को खत्म करने की मांग को घातक करार देते हुए भाजपा नेता ने कहा कि राज्य में स्थायी शांति होने तक ऐसे बातें करना भी जनविरोधी हैं।,"यह कहते हुए कि इन परिस्थितियों में सेना के ख़ास अधिकारों के प्रमाण के लिए आवश्‍यक होगा, उसने कहा कि राज्य में ठंडे पड़ जाने से पहले ऐसी बातें कह देना भी सार्वजनिक दिलचस्पी में नहीं है ।","While stating that under these circumstances demand for the suspension of the special rights of the army would be dangerous, he said that saying such things before things cool down in the state is also not in the public interest.",<extra_id_0>.
This would abet the anti-national elements.,इनसे देशविरोधी तत्वों को शह मिलती है।,यह विरोधी तत्वों को अनदेखा करेगा.,This would abet the anti-national elements.,<extra_id_0>
He stressed that the leaders should stop making statements that reduce the morale of the army and security forces.,"उन्होंने जोर दिया कि नेताओं के सेना, सुरक्षाबलों का मनोबल गिराने वाले बयानों पर रोक लगाई जानी चाहिए।",उसने ज़ोर दिया कि नेताओं को ऐसी बातें करना बंद कर देना चाहिए जो सेना और सुरक्षा शक्‍तियों के नैतिक स्तर को कम करती हैं ।,He stressed that the leaders should stop making statements that reduce the morale of the army and security forces.,<extra_id_0>
"Snowden ready to ""cooperate"" with Germany over US surveillance","अमेरिकी चौकसी पर जर्मनी के साथ ""सहयोग"" करने के लिए स्नो डेन तैयार","जर्मनी की निगरानी के साथ ""कोकरोर"" करने के लिए स्नोden तैयार","Snowden ready to ""cooperate"" with Germany over US surveillance",<extra_id_0>
"Edward Snowden, the US intelligence whistleblower, has declared that he is willing to travel to Berlin to give evidence to the German parliament if the US National Security Agency and its director Keith Alexander fail to provide answers about its activities.","एडवर्ड स्नो डेन, अमेरिकी खुफिया मुखबिर, ने घोषित कर दिया है कि जर्मन में संसद को प्रमाण देने के लिए बर्लिन की यात्रा करने के लिए तैयार  है यदि अमेरिका के राष्ट्रीय सुरक्षा एजेंसी और उसके निदेशक किथ अलेक्जेंडर अपनी गतिविधियों के बारे में जवाब देने में विफल रहते हैं.","एडवर्ड हिटलर, अमेरिका मानसिक सीटीर, ने घोषित किया है कि वह बर्लिन के लिए यात्रा करने के लिए तैयार है अगर अमेरिका राष्ट्रीय सुरक्षा केंद्र और इसके निर्देशक सिकंदर अपने कार्यों के बारे में जवाब देने के लिए असफल.","Edward Snowden, the US intelligence whistleblower, is willing to travel to Berlin to give evidence to the German parliament if the US National Security Agency and its director Keith Alexander fail to provide answers about its activities.",<extra_id_0> to English to Hindi
"German MP Hans-Christian Ströbele on Thursday met Mr Snowden in Russia, where he has been granted asylum, to discuss him testifying in Germany.","जर्मन एम.पी. हंस क्रिश्चियन स्ट्रॉ बेले, ने रूस में श्री स्नो डेन सेगुरुवार को  मुलाकात की, जहां  उसे जर्मनी में गवाही के बारे में बात करने के लिए, शरण दे दी गई है.","जर्मन एमपीUN-SUlare गुरुवार पर श्री स्नोden मिले, जहां उसे जर्मनी में गवाही देने के लिए शरण दी गई है.","German MP Hans-Christian Ströbele on Thursday met Mr Snowden in Russia, where he has been granted asylum, to discuss him testifying in Germany.",<extra_id_0>
"A letter from Mr Snowden, presented to the media in Berlin on Friday by the MP, said: ""Though the outcome of my efforts has been demonstrably positive, my government continues to treat dissent as defection, and seeks to criminalise political speech with felony charges that provide no defence.""","सांसद ने शुक्रवार को बर्लिन में मीडिया के समक्ष श्री स्नो डेन के द्वारा प्रस्तुत एक पत्र,में  कहाः ""हालांकि मेरे प्रयासों के परिणाम प्रमाणपूर्वक सकारात्मक है, मेरी सरकार दल - बदल के रूप में असहमति को मानते हैं, और कोई बचाव नहीं प्रदान करते हैं जो गुंडागर्दी के आरोपों के साथ राजनीतिक भाषण का अपराधीकरण करने का प्रयास है.""","श्री स्नोden की एक चिट्ठी ने शुक्रवार को बर्लिन के मीडिया को प्रस्तुत किया, ने कहा, ""हालाँकि मेरे प्रयासों का परिणाम उचित रूप से सकारात्मक रहा है, मेरी सरकार लगातार दोषपूर्ण रूप से विरोध किया जा रहा है, और राजनीतिक भाषण के साथ आपराधिक आरोपों का विरोध करना चाहता है कि कोई बचाव प्रदान नहीं. ""","A letter from Mr Snowden, presented to the media in Berlin on Friday by the MP, said: ""Though the outcome of my efforts has been demonstrably positive, my government continues to treat dissent as defection, and seeks to criminalise political speech with felony charges that provide no defence.""",<extra_id_0> English to Hindi:
"However, speaking the truth is not a crime.","हालांकि, सच बोलना एक अपराध नहीं रहा है.",लेकिन सच बोलना अपराध नहीं है ।,"However, speaking the truth is not a crime.",<extra_id_0>
"In the letter, Mr Snowden said he believed the support of the international community could persuade the US government to abandon criminal charges against him.","पत्र में, श्री स्नो डेन ने कहा कि उनका मानना  है किवह अंतरराष्ट्रीय समुदाय का समर्थन उनके खिलाफ आपराधिक आरोपों का परित्याग करने के लिए अमेरिकी सरकार को राजी सकता है.","पत्र में, श्री स्नोden ने कहा कि वह अंतर्राष्ट्रीय समुदाय के समर्थन को स्वीकार कर सकता है अमेरिका सरकार को उसके खिलाफ आपराधिक आरोप छोड़ने के लिए कायल कर सकता है.",Mr Snowden said he believed the support of the international community could persuade the US government to abandon criminal charges against him.,<extra_id_0>.
The charges filed by the US justice department include espionage and theft of government property.,अमेरिकी न्याय विभाग की ओर से दायर आरोप गुप्तचर और सरकार की संपत्ति में से चोरी शामिल है.,अमेरिका के न्याय विभाग के आरोपों में सरकारी संपत्ति की पूछताछ और चोरी शामिल है.,The charges filed by the US justice department include espionage and theft of government property.,<extra_id_0>.
"Hans-Peter Friedrich, German interior minister, told Zeit Online: ""If Mr Snowden is ready to speak to German officials, we will find ways to make this possible.""","हंस पीटर फ्रेडरिक, जर्मन आंतरिक मामलों के मंत्री,ने ऑनलाइन Zeit को बतायाः ""श्री स्नो डेन जर्मन अधिकारियों से बात करने के लिए तैयार रहा है, तो हमको इसे संभव बनाने के लिए तरीके खोजने होंगे.""","हैंस्हेल, जर्मनी के भीतरी मंत्री, द्वारा ऑनलाइन कहा: ""अगर श्री स्नोden जर्मन अधिकारियों से बात करने के लिए तैयार है, हम यह संभव करने के लिए तरीके मिल जाएगा. ""","Hans-Peter Friedrich, German interior minister, told Zeit Online: ""If Mr Snowden is ready to speak to German officials, we will find ways to make this possible.""",<extra_id_0> -
Relations between the US and Germany have come under strain following claims that the NSA bugged Chancellor Angela's Merkel's phone.,अमेरिका और जर्मनी के बीच संबंध दबाव के तहत आ गए हैं क्योंकि दावा किया है कि NSA  ने चांसलर एंजेला मार्केल का फोन बग किया  है.,अमेरिका और जर्मनी के बीच सम्बन्धों के तहत आया है दावा है कि NASACacras के फोन के तहत.,Relations between the US and Germany have come under strain following claims that the NSA bugged Chancellor Angela's Merkel's phone.,<extra_id_0>.
"Thomas Oppermann, the MP who heads the parliamentary panel that oversees intelligence, said that if there were an opportunity to hear Mr Snowden as a witness ""without bringing him into danger and completely ruining relations with the US,"" it should be taken.","थॉमस ऑपरमान, सांसद जो संसदीय समिति के अध्यक्ष हैं , खुफिया जानकारी देखरेख करते हैं. कहा कि अगर गवाह के रूप में श्री स्नो डेन कोसुनने का अवसर  होता ""अमेरिका के साथ संबंधों को पूरी तरह से बर्बाद कर के और खतरे में उनको लाने के बिना,""तब भी इसे लिया जाना चाहिए.","थॉमस ब्लैंडमैन, जो Worcaryssssians का प्रमुख अधिकारी है, ने कहा कि अगर एक मौका था एक साक्षी के रूप में सुना ""उसे खतरे में लाने और अमेरिका के साथ पूरी तरह से नष्ट कर दिया जाना चाहिए, यह ले लिया जाना चाहिए.","Thomas Oppermann, the MP who heads the parliamentary panel that oversees intelligence, said that if there were an opportunity to hear Mr Snowden as a witness ""without bringing him into danger and completely ruining relations with the US,"" it should be taken.",<extra_id_0>.
"Mr Ströbele, an MP for Germany's Green party, published a picture of himself with Mr Snowden on his Twitter feed.","श्रीस्ट्रॉ बेले,जर्मनी की ग्रीन पार्टी के एक सांसद, ने  ट्विटर फीड पर श्री स्नो डेन के साथ खुद की एक तस्वीर प्रकाशित की .","श्री स्टोबेल, जर्मनी के ग्रीन पार्टी के लिए एक एमपी, ने अपने ट्विटर फ़ीड पर खुद की तस्वीर प्रकाशित की.","Mr Ströbele, an MP for Germany's Green party, published a picture of himself with Mr Snowden on his Twitter feed.",<extra_id_0>
He was accompanied on his visit to Russia by two German journalists.,उन्होंने कहा कि दो जर्मन पत्रकारों के साथ रूस के लिए अपनी यात्रा पर थे.,वह रूस में दो जर्मन पत्रकारों के साथ गया ।,He was accompanied on his visit to Russia by two German journalists.,<extra_id_0>
"Mr Ströbele said that, according to the former NSA contractor's lawyer, Mr Snowden would not be able to return to Russia if he left.","श्रीस्ट्रॉ बेलेने कहा कि, पूर्व NSA के ठेकेदार  वकील के अनुसार, अगर उन्होंने रूस छोड़ दिया तो  स्नो डेन रूस वापस जाने में सक्षम नहीं हैं.","श्री Stargel ने कहा कि, भूतपूर्व NASvas के वकील के अनुसार, श्री स्नोden रूस में लौटने में सक्षम नहीं होगा अगर वह छोड़ दिया.","Mr Ströbele said that, according to the former NSA contractor's lawyer, Mr Snowden would not be able to return to Russia if he left.",<extra_id_0>
"If Mr Snowden testified in Germany he would need assurances that he would be ""safe"" there, the MP said.","अगर  स्नो डेन नेजर्मनी में गवाही दी तो वह वहाँ "" सुरक्षित होगा"" जो आश्वासनों की आवश्यकता होगी, सांसद ने कहा.","यदि श्री स्नोden ने जर्मनी में गवाही दी तो उसे आश्वस्त करने की ज़रूरत होगी कि वह वहाँ ""पूरा"" होगा, एमपी ने कहा.","If Mr Snowden testified in Germany he would need assurances that he would be ""safe"" there, the MP said.",<extra_id_0>
"Mr Snowden said in his letter that he had faced a ""severe and sustained"" campaign of persecution that forced him from his home.","श्री स्नो डेन  ने उनके पत्र में कहा कि  "" उनकोभयंकर और सतत अभियान का सामना करना पड़ा"" था उसके लिए उनको घर  छोड़ने को बाध्य होना पड़ा.",श्री स्नोden ने अपने पत्र में कहा कि वह ज़ुल्मों के अभियान का सामना कर रहा था... ... कि उसे अपने घर से मजबूर किया था.,"Mr Snowden said in his letter that he had faced a ""severe and sustained"" campaign of persecution that forced him from his home.",<extra_id_0>
"However he said that he was heartened by the worldwide response to ""my act of political expression.""","हालांकि उन्होंने कहा कि वेविश्व व्यापक प्रतिक्रियाएं द्वारा सुखी और अभिभूत है""राजनीतिक अभिव्यक्ति के अपने कार्य के प्रति.""","लेकिन उन्होंने कहा कि वह दुनिया भर में ""मेरी राजनीतिक अभिव्यक्‍ति के मेरे कार्य"" की प्रतिक्रिया से प्रभावित था।","However he said that he was heartened by the worldwide response to ""my act of political expression.""",<extra_id_0>
Citizens around the world as well as high officials - including in the United States - have judged the revelation of an unaccountable system of pervasive surveillance to be a public service.,संयुक्त राज्य अमेरिका  समेत -  विश्व नागरिकों  साथ ही उच्च अधिकारियोंने एक सार्वजनिक सेवा  की व्यापक निगरानी के एक ग़ैरजिम्मेदार प्रणाली के रहस्योद्घाटन को आंका है.,"दुनिया - भर के नागरिकों ने और अमरीका के बड़े - बड़े अधिकारियों और सरकारी अधिकारियों ने जनता की सेवा करने के लिए अलग - अलग निगरानी का जो इंतज़ाम किया है, उसका न्याय किया है ।",Citizens around the world as well as high officials - including in the United States - have judged the revelation of an unaccountable system of pervasive surveillance to be a public service.,<extra_id_0>
"The letter extends an offer to cooperate with German authorities ""when the difficulties of this humanitarian situation have been resolved.""","पत्र जर्मन अधिकारियों के साथ सहयोग करने के लिए एक प्रस्ताव विस्तार करता है ""जब मानवीय स्थिति के समस्याओं का समाधान हो गया है .""","यह पत्र जर्मन अधिकारियों के साथ सहयोग करने के लिए एक प्रस्ताव जारी करता है ""जब इस सामाजिक स्थिति की समस्याएँ हल हो गई हैं.""","The letter extends an offer to cooperate with German authorities ""when the difficulties of this humanitarian situation have been resolved.""",<extra_id_0>
Frontier Airlines to charge for carry-on baggage,Frontier एयरलाइंस कैरी - ऑन बैगेज का शुल्क लगाएंगे,ले जाने के लिए ज़िम्मेदारी उठाने के लिए फ़ियर एयरलाइन,Frontier Airlines to charge for carry-on baggage,<extra_id_0>
Frontier Airlines plans to charge up to $100 for passengers to store carry-on luggage on board their flight.,Frontier एयरलाइंस में अपने विमान बोर्ड पर यात्रियों के लिए सामान कैरी - ऑन स्टोर करने के लिए $ 100 चार्ज करने की योजना है.,Carglance विमानों के लिए $ 100 करने की योजना उनके उड़ान पर सामान जमा करने के लिए।,Frontier Airlines plans to charge up to $100 for passengers to store carry-on luggage on board their flight.,<extra_id_0>
"Frontier Airlines plans to start charging up to $100 for a carry-on bag and $2 for coffee or soda, although its announcement on Wednesday did say that passengers will get to keep the whole can.","Frontier एयरलाइंस में एक कैरी - ऑन बैग के लिए $100  के लिए चार्ज शुरू करने की योजना है और यह, कॉफी या सोडा के लिए$2 का शुल्क लगाएंगे,  हालांकि  बुधवार को इसकी घोषणा  ने बताया कि यात्री संपूर्ण डिब्बा रख सकते हैं.","हालांकि बुधवार पर इसकी घोषणा कि यात्रियों को पूरी तरह से बनाए रखने के लिए प्राप्त होगा , के लिए 100 डॉलर और कॉफी या सोडा के लिए डॉलर पर आरोप लगाने की योजना.",Frontier Airlines plans to start charging up to $100 for a carry-on bag and $2 for coffee or soda.,<extra_id_0>
"The new carry-on fee is for bags in the overhead bin, so small bags under the seat will still be free.","नए कैरी - ऑन शुल्क ओवरहेड बिन में बैग के लिए है, इसलिए, सीट के नीचे छोटे बैग फिर भी निः शुल्क किया जाएगा.",अब भी सीट के नीचे छोटी - छोटी बैग खाली हो जाएँगे ।,"The new carry-on fee is for bags in the overhead bin, so small bags under the seat will still be free.",<extra_id_0>
"Frontier said it will charge $25 if the fee is paid in advance, $100 if travelers wait to pay until they're at the gate.","Frontier ने कहा कि $ 25 चार्ज करेंगे अगर एडवांस में भुगतान किया जाता है , $100  इंतजार करना होगा अगर यात्री भुगतान करने के लिए प्रतीक्षा करें जब तक कि वे गेट पर हैं.","सामने वाले ने कहा कि यह $5 डॉलर पहले से ही भुगतान किया जाता है, यदि यात्री दरवाजे पर हैं जब तक वे भुगतान करने के लिए इंतजार करते हैं.","Frontier said it will charge $25 if the fee is paid in advance, $100 if travelers wait to pay until they're at the gate.",<extra_id_0>
Frontier spokeswoman Kate O'Malley said the $100 fee is to get travelers to take care of the charge in advance.,Frontier प्रवक्ता केट ओ 'मैली ने कहा  कि $ 100 फीस यात्रियों के एडवांस में चार्ज की देखभाल करने के लिए हासिल करना है.,Cortslilt OMle ने कहा कि $ 100 रुपए आगे में आरोप का ख्याल रखने के लिए यात्रियों को प्राप्त करने के लिए है।,Frontier spokeswoman Kate O'Malley said the $100 fee is to get travelers to take care of the charge in advance.,<extra_id_0> -
"""We don't want to charge that,"" she said.","""हम वह चार्ज  नहीं करना चाहते,"" उन्होंने कहा.","""हम उस आरोप के लिए नहीं करना चाहते हैं,"" उसने कहा.","""We don't want to charge that,"" she said.",<extra_id_0>
Airlines began charging for the first and second checked bags in 2008.,एयरलाइंस ने 2008 में प्रथम और द्वितीय जाँच बैग के लिए चार्ज शुरू कर दिया.,सन्‌ 2008 में पहली और दूसरी जाँच की गयी ।,Airlines began charging for the first and second checked bags in 2008.,<extra_id_0>
"Passengers trying to avoid those fees have been stuffing as much as they can into carry-on baggage stashed in overhead bins, meaning those bins often run out of space.","जो जो यात्री शुल्क से बचने की कोशिश कर रहे हैं  भराई कर रहे हैं जितना वे कर सकते हैं  कैरी - ऑन बैगेज में जो ओवरहेड डिब्बे में स्टैश है , इसका मतलब है इस डिब्बे में अक्सर कम जगह है.","यात्री उन ऋणों से बचने की कोशिश कर रहे हैं जितना कि वे सरो के बैग में ले जा सकते हैं, मतलब कि वे अक्सर अंतरिक्ष से बाहर चला जाता है।","Passengers trying to avoid those fees have been stuffing as much as they can into carry-on baggage stashed in overhead bins, meaning those bins often run out of space.",<extra_id_0>
Fees are one way to get passengers to bring less on board.,शुल्क बोर्ड पर यात्रियों के लिए कम लाने के लिए एक तरीका है.,यात्रियों को नाव पर कम लाने के लिए लाने का एक तरीका है।,Fees are one way to get passengers to bring less on board.,<extra_id_0>
O'Malley said the new charge is not really about raising money.,ओ 'मैली ने कहा कि यह नए चार्ज पैसा जुटाने के बारे में वास्तव में नहीं है.,ओ 'मलीली ने कहा कि नए आरोप वास्तव में पैसे बढ़ाने के बारे में नहीं है.,O'Malley said the new charge is not really about raising money.,<extra_id_0>
It's about Frontier's most loyal customers making it very clear that finding overhead bin space has become increasingly difficult.,यह Frontier के बारे में सबसे अधिक वफादार ग्राहकों के लिए है कि ओवरहेड बिन की जगह ढूँढना तेजी से कठिन बन गया है.,यह Tornn के सबसे वफादार ग्राहकों के बारे में है यह यह बहुत स्पष्ट है कि कवर जगहों को खोजने में अधिक कठिन हो गया है।,It's about Frontier's most loyal customers making it very clear that finding overhead bin space has become increasingly difficult.,<extra_id_0>
Passengers who buy their tickets on the airline's website won't have to pay.,एयरलाइन के अपने वेबसाइट में टिकट खरीदने वाले यात्रियों को यह नहीं देना पड़ता.,विमान की वेबसाइट पर उनके टिकट खरीदनेवाले यात्री भुगतान करने के लिए नहीं होगा.,Passengers who buy their tickets on the airline's website won't have to pay.,<extra_id_0>
"That means one passenger in line at a Frontier gate might get to bring a bag on for free, while the next person in line might owe $100 for a similar bag.","इसका मतलब है यही कारण है कि लाइन में अगले व्यक्ति को एक समान बैग के लिए 100 डॉलर देना हो सकता है, जबकि एक फ्रंटियर गेट पर लाइन में एक यात्री, एक बैग मुफ़्त प्राप्त कर सकते हैं.","इसका मतलब है कि एक यात्री को सामनेवाले फाटक के पास एक बैग ले जाना चाहिए ताकि वह उसे मुफ्त में ले आए, जबकि अगले व्यक्‍ति को एक समान बैग के लिए 100 रुपए उधार दिए जा सकते हैं ।","That means one passenger in line at a Frontier gate might get to bring a bag on for free, while the next person in line might owe $100 for a similar bag.",<extra_id_0>
O'Malley said Frontier's website and check-in procedures are being changed to make sure passengers know about the fee before they get to the gate.,ओ 'मैली ने कहा कि Frontier की वेबसाइट और चेक इन के प्रक्रियाओं को बदल दिया जा रहा है गेट को पाने से पहले यात्रियों को फीस के बारे में पता है यह सुनिश्चित करने के लिए.,ओ 'Malley ने कहा कि Torner की वेबसाइट और जाँच प्रक्रियाों को बदल दिया जा रहा है सुनिश्चित करने के लिए यात्रियों को पता है कि वे गेट पर पहुँचने से पहले.,O'Malley said Frontier's website and check-in procedures are being changed to make sure passengers know about the fee before they get to the gate.,<extra_id_0> English to Hindi
"Frontier's new carry-on fee won't start until summer, though a date hasn't been set.","Frontier का नया कैरी - ऑन फीस, गर्मियों तक शुरू नहीं  होगा यद्यपि एक तिथि निर्धारित नहीं  किया गया है.","Casnice के नए ले- इनाम की शुरुआत गर्मी तक नहीं होगी, हालांकि एक तारीख सेट नहीं किया गया है.","Frontier's new carry-on fee won't start until summer, though a date hasn't been set.",<extra_id_0>
"Passengers often grumble about baggage charges and other fees, but airlines love them.","यात्री अक्सर बैगेज शुल्क और अन्य शुल्क के बारे में असंतोष प्रकट करते हैं, लेकिन विमान सेवा उन्हें पसंद करते हैं.","यात्री अकसर सामान के आरोपों और अन्य ऋणों के बारे में सोचते हैं, लेकिन हवाई जहाज़ उनसे प्रेम करते हैं ।","Passengers often grumble about baggage charges and other fees, but airlines love them.",<extra_id_0>
"They argue that luggage costs money to handle, and passengers who want the service should pay for it.","वे तर्क देते हैं कि बैगेज को संभालने के लिए पैसा खर्च होता है, और जो यात्री सेवा चाहते हैं  उन को इसके लिए भुगतान करना चाहिए.","वे तर्क करते हैं कि सामान के ख़र्च से निपटने के लिए पैसा खर्च होता है, और उन यात्रियों को जो सेवा चाहते हैं उसके लिए भुगतान करना चाहिए ।","They argue that luggage costs money to handle, and passengers who want the service should pay for it.",<extra_id_0>
Many on Wall Street view the addition of baggage fees as a sign that airlines are charging enough money to cover the cost of air travel after years of losses.,वॉल स्ट्रीट पर  बैगेज की फीस एक संकेत के रूप में कई देख रहे हैं कि कई एयरलाइन घाटे के वर्षों के बाद हवाई यात्रा की लागत को कवर करने के लिए पर्याप्त पैसे चार्ज कर रहे हैं.,"इसके अलावा, कई लोगों को लगता है कि माल खरीदने के लिए पैसा ही काफी होता है ।",Many on Wall Street view the addition of baggage fees as a sign that airlines are charging enough money to cover the cost of air travel after years of losses.,<extra_id_0>
"Most haven't touched carry-on bag fees, though.",अधिकांश ने यद्यपि   कैरी - ऑन बैग शुल्क छुआ तक नहीं हैं.,"बहुतों को बैग के किराया नहीं मिला है, हालांकि.","Most haven't touched carry-on bag fees, though.",<extra_id_0>
"Spirit Airlines Inc. started the first carry-on fee three years ago, and fellow discounter Allegiant Air later followed.","Spirit Airlines Inc. ने कैरी - ऑन शुल्क तीन वर्ष पहले पहली बार शुरू किया, और साथी डिस्काउंटर Allegiant एयर ने बाद में.","आत्मा सामग्री. Eligient. पहले तीन साल पहले ले के भुगतान शुरू किया, और साथी अरिग्रेड हवा बाद में चला गया.","Spirit Airlines Inc. started the first carry-on fee three years ago, and fellow discounter Allegiant Air later followed.",<extra_id_0>
"The only other airline with such a fee is Hungary's Wizz Air, said airline consultant Jay Sorensen, who closely tracks add-on fees.","ऐसे एक शुल्क के साथ ही अन्य एयरलाइन हंगेरी की Wizz Air है, जो एयरलाइन सलाहकार जे सोरेनसेन ने कहा,और जो ऐड - ऑन फीस ट्रैक करताहै.","इस तरह के एक वेतन के साथ केवल अन्य हवाई जहाज़ हंगरी के विसर्जन जे सोसेन ने कहा, जो नज़दीकी से ट्रैक्स के बदले में जोड़ता है।","The only other airline with such a fee is Hungary's Wizz Air, said airline consultant Jay Sorensen, who closely tracks add-on fees.",<extra_id_0>
He estimated in a December 2011 report that Spirit's carry-on fee brings in $50 million a year.,उन्होंने कहा कि Spirit के कैरी - ऑन शुल्क $ 50 मिलियन एक वर्ष में लाता है जो दिसम्बर 2011 की रिपोर्ट में अनुमान लगाया गया.,उन्होंने दिसंबर 2011 की एक रिपोर्ट में कहा कि आत्मा के ले जाने का भुगतान साल में $५० लाख डॉलर लाता है।,Spirit's carry-on fee brings in $50 million a year.,<extra_id_0>
"Sorensen, a former executive with Midwest Airlines, flew Spirit recently and wondered what he'd find at the gate as passengers encountered Spirit's unusual carry-on bag fee.","सोरेनसेन, मिडवेस्ट एयरलाइंस के एक पूर्व अधिकारी ने हाल ही में Spirit में उड़ान भरी और यात्रियों को गेट पर कैरी - ऑन असामान्य  बैग फीस सामना करना पड़ा है  पर आश्चर्य जताया.","सोननन, मिगन के साथ एक पुराने अधिकारी, हाल ही में हवाई जहाज उड़ान भरी, और आश्चर्य करते हुए क्या वह गेट पर मिल गया जब यात्री आत्मा के असाधारण ले खरीदने के लिए.","Sorensen, a former executive with Midwest Airlines, flew Spirit recently and wondered what he'd find at the gate as passengers encountered Spirit's unusual carry-on bag fee.",<extra_id_0>
"""The boarding process was the smoothest I had seen in my airline career,"" he said.","""बोर्डिंग प्रक्रिया को जो मैं ने अपने एयरलाइन कैरियर में देखा था  सहज था,"" उन्होंने कहा.","“ बोर्डिंग प्रक्रिया सबसे चिकनी थी... ... मैं अपने हवाई जहाज़ के पेशे में देखा था,"" उन्होंने कहा.","""The boarding process was the smoothest I had seen in my airline career,"" he said.",<extra_id_0>
I was expecting to see gnashing of teeth and a fight breaking out at the gate.,मुझे दांत पीसना और एक लड़ाई गेट पर बाहर  देखने के लिए उम्मीद थी.,मैं यह उम्मीद कर रहा था कि दांत पीसें और फाटक में एक लड़ाई छिड़ जाएगी.,I was expecting to see gnashing of teeth and a fight breaking out at the gate.,<extra_id_0>
"The plane was full, he said, ""and it boarded lickety-split.""","""विमान भरा था और उन्होंने कहा कि यह lickety-split चढ़ा.""","विमान भर गया, उसने कहा, ""और यह चाटना हुआ था।""","The plane was full, he said, ""and it boarded lickety-split.""",<extra_id_0>
"Frontier is also following Spirit's $2 charge for coffee, tea, soda, or juice.","Frontier  भी कॉफी, चाय, सोडा, या जूस के लिए Spirit'  के $ 2 शुल्क का अनुसरण कर रहा है.","अग्रभाग भी आत्मा के 25 डॉलर का पालन कर रहा है कॉफी, चाय, सोडा, या रस के लिए.","Frontier is also following Spirit's $2 charge for coffee, tea, tea, soda, or juice.",<extra_id_0>
"Frontier said passengers who get soda or juice can keep the whole can, and it will give coffee refills for free.","Frontier नेकहा कि जो यात्री सोडा, या जूस ले लेगा वे संपूर्ण डिब्बा रख सकते हैं, और यह  मुफ्त कॉफी केवल एक बार के लिए दे देंगे.",इस तरह कॉफी को मुफ्त में भर दिया जाएगा ।,"Frontier said passengers who get soda or juice can keep the whole can, and it will give coffee refills for free.",<extra_id_0>
It will still give away water.,यह फिर भी पानी दूर दे देंगे.,वह (क़यामत) उनकी निगाह में बहुत दूर है,It will still give away water.,<extra_id_0>
US Airways briefly tried charging for beverages in 2008 but backed down seven months later after passengers complained and no other major airline followed.,"US एयरवेज संक्षेप में 2008 में पेय पदार्थों के लिए चार्ज करने की कोशिश की, लेकिन यात्रियों के शिकायत के बाद सात महीनों बाद में वे पीछे हट गए और कोई भी अन्य मुख्य एयरलाइन वहाँ होने के बाद का पालन किया.","सन्‌ 2008 में अमरीकी विमान - चालकों ने शराब पीने के लिए कुछ ही देर तक ज़ोर - ज़ोर से ज़ोरदार आवाज़ लगाने की कोशिश की, लेकिन सात महीने बाद यात्रियों ने शिकायत की और कोई और बड़ी हवाई जहाज़ नहीं आया ।",US Airways briefly tried charging for beverages in 2008 but backed down seven months later after passengers complained and no other major airline followed.,<extra_id_0>
Frontier's move to charge the carry-on fee if passengers don't buy direct from the airline is its latest effort to steer customers toward its own website.,Frontier's  के यात्री अगर एयरलाइन से सीधे खरीद नहीं करते हैं तो कैरी - ऑन पर शुल्क चार्ज करने के लिए Frontier के यह कदम  अपने स्वयं के वेबसाइट के प्रति ग्राहकों को  संचालित करने के अपने ताजा प्रयास है.,Corner के ले-टन भुगतान पर आरोप लगाने के लिए कदम है अगर यात्री विमान से सीधे नहीं खरीद रहे हैं अपने वेबसाइट की ओर ग्राहकों के लिए इसके नवीनतम प्रयास है।,Frontier's move to charge the carry-on fee if passengers don't buy direct from the airline is its latest effort to steer customers toward its own website.,<extra_id_0>
Airlines pay online travel sellers such as Orbitz $10 to $25 for each ticket sold.,एयरलाइंस  ऑनलाइन ट्रैवल विक्रेता को भुगतान करता है Orbitz इस तरह के $10 से $25  प्रत्येक बिक चुके टिकट के लिए.,"हवाई जहाज़ हर टिकट के लिए 25,000 डॉलर इंटरनेट बेचता है ।",Airlines pay online travel sellers such as Orbitz $10 to $25 for each ticket sold.,<extra_id_0>
That has given all airlines an incentive to steer passengers to buy directly from them instead of going through an online travel agency.,यही कारण है कि सारे एयरलाइंस एक ऑनलाइन ट्रैवल एजेंसी के माध्यम से जाने के बजाय उन लोगों से सीधे खरीदने के लिए यात्रियों को संचालित करने के लिए एक प्रोत्साहन दिया गया है.,इस वजह से हवाई जहाज़ के सभी यात्रियों को यह बढ़ावा दिया गया है कि वे इंटरनेट पर जाने के बजाय उनसे सीधे - सीधे खरीद लें ।,That has given all airlines an incentive to steer passengers to buy directly from them instead of going through an online travel agency.,<extra_id_0>
"Frontier has gone the furthest in this area, though.","Frontier हालांकि, इस क्षेत्र में आगे चला गया है.","हालांकि, इस क्षेत्र में सबसे आगे चला गया है.","Frontier has gone the furthest in this area, though.",<extra_id_0>
In September it began giving half as many frequent flier miles to customers who bought through an online travel agency.,सितंबर में कई अक्सर उड़ान मील की दूरी पर आधे से देने लगा उन ग्राहकों के लिए जो इन व्यक्तियों से एक ऑनलाइन ट्रैवल एजेंसी से खरीदा था,"सितंबर में इसे कई बार उन ग्राहकों को आधा - आधा देना शुरू किया गया, जिन्होंने एक ऑनलाइन यात्रा विभाग के ज़रिए खरीद लिया था ।",In September it began giving half as many frequent flier miles to customers who bought through an online travel agency.,<extra_id_0>
On Wednesday it slashed the mileage award to 25 percent of the miles of the trip.,बुधवार को इसने ट्रिप मील के 25 प्रतिशत तक माइलेज अवार्ड घटा दिया.,बुधवार को इसने यात्रा की 25 प्रतिशत मीलों तक की मीलों का पुरस्कार फेंक दिया ।,On Wednesday it slashed the mileage award to 25 percent of the miles of the trip.,<extra_id_0>
"So, a 1,000 mile Frontier trip purchased from an online travel agency would earn 250 miles.","तो, एक ऑनलाइन ट्रैवल एजेंसी से खरीदी गई एक 1000 मील Frontier ट्रिप 250 मील की दूरी अर्जित करेगा.","तो, एक ऑनलाइन यात्रा विभाग से प्राप्त १,००० मील की यात्रा से २,००० मील की कमाई होगी ।","So, a 1,000 mile Frontier trip purchased from an online travel agency would earn 250 miles.",<extra_id_0>
It also allows passengers to choose their seat in advance only if they buy directly from the Frontier website.,यह भी है कि वे Frontier वेबसाइट से सीधे ही खरीदने पर एकमात्र यात्रियों के लिए अग्रिम में अपनी सीट चुनने की अनुमति देता है.,"इसके अलावा, यात्रियों को अपने सीट को पहले से ही चुनने की इजाज़त होती है, तभी वे सीधे - सीधे डाकवाली वेबसाइट से खरीदते हैं ।",It also allows passengers to choose their seat in advance only if they buy directly from the Frontier website.,<extra_id_0>
"Frontier has a loyal base of customers in its home city of Denver, but its business is shrinking and losing money.","Frontier के डेनवर में  अपने घर के शहर में ग्राहकों के एक वफादार बेस है, मगर इसका व्यापार कम होता जा रहा है और यह पैसा खो रहा है.","डेनवर शहर में ग्राहकों का एक वफादार आधार है, लेकिन उसका व्यापार बढ़ता जा रहा है और पैसा कम कर रहा है ।",Frontier's business is shrinking and losing money.,<extra_id_0>
"Revenue dropped 9 percent and its flying capacity shrank almost 13 percent in the first quarter, according to financial results released Wednesday by corporate parent Republic Airways Holdings Inc.","राजस्व में 9 प्रतिशत की गिरावट और इसकी उड़ान क्षमता पहली तिमाही में लगभग 13 फीसदी कम हो गया है, कॉरपोरेट पैरेंट रिपब्लिक एयरवेज होल्डिंग्स इंक के द्वारा बुधवार जारी वित्तीय परिणामों के अनुसार.",इस वजह से हर साल करीब 13 प्रतिशत लोगों की मौत हो जाती है ।,Revenue dropped 9 percent and its flying capacity shrank almost 13 percent in the first quarter.,<extra_id_0> increases
Republic has been trying to fix Frontier's finances as part of selling the airline.,रिपब्लिक एयरलाइन की बिक्री के भाग के रूप में Frontier के वित्त तय करने की कोशिश कर रहे हैं.,गणराज्य के पास के पैसों को ठीक करने की कोशिश कर रहा है . . . . . . .,Republic has been trying to fix Frontier's finances as part of selling the airline.,<extra_id_0>
"NSA Blames ""Internal Error,"" Not Hackers, For Website Crash","एन.एस.ए. ने वेबसाइट क्रैश होने के लिए हैकर्स के बजाय ""आंतरिक त्रुटि"" पर आरोप लगाया","एनएसएसएएसआईआईआईएस"" त्रुटि"" नहीं है, वेबसाइटों के लिए","NSA Blames ""Internal Error,"" Not Hackers, For Website Crash",<extra_id_0>
"The shadowy National Security Agency said late Friday that it was a glitch that brought down its public website for a few hours, not hackers as some claimed online.","रहस्यपूर्ण राष्ट्रीय सुरक्षा एजेन्सी ने शुक्रवार को कहा कि कुछ तकनीकी कमी के कारण हमारी वेबसाइट कुछ घंटों के लिए बंद हो गई थी, न कि हैकर्स के कारण जैसा कि कुछ लोगों ने ऑनलाइन दावा किया था।",कुछ लोगों ने इंटरनेट का दावा किया कि यह बहुत ही खतरनाक हो सकता है ।,"The shadowy National Security Agency said late Friday that it was a glitch that brought down its public website for a few hours, not hackers as some claimed online.",<extra_id_0>
"""NSA.gov was not accessible for several hours tonight because of an internal error that occurred during a scheduled update,"" the spy agency said in an emailed statement.","खुफिया एजेन्सी ने ईमेल भेजे गए वक्तव्य में कहा, ""आज रात्रि को NSA.gov कई घंटों तक पहुंच में नहीं थी, जो पूर्व-निर्धारित अपडेट के दौरान होने वाली आंतरिक त्रुटि के कारण हुआ था।""","""उगोव आज रात कई घंटों के लिए पहुँच नहीं था... ... एक आंतरिक त्रुटि के कारण... ... एक निश्चित अद्यतन के दौरान किया गया है,"" जासूस संगठन ने एक ईमेल कथन में कहा.","""NSA.gov was not accessible for several hours tonight because of an internal error that occurred during a scheduled update,"" the spy agency said in an emailed statement.",<extra_id_0> to Hindi
The issue will be resolved this evening.,आज शाम इस समस्या का समाधान हो जाएगा।,इस शाम का मसला सुलझा दिया जाएगा ।,The issue will be resolved this evening.,<extra_id_0>
Claims that the outage was caused by a distributed denial of service [DDoS] attack are not true.,"यह दावा सत्य नहीं है कि यह बाधा, सेवा के वितरित इनकार [डी.डी.ओ.एस.] हमले के कारण आई थी।","[DDDS] हमले को एक वितरित करने के कारण हुआ, यह सच नहीं है ।",Claims that the outage was caused by a distributed denial of service [DDoS] attack are not true.,<extra_id_0>
"Earlier this evening online server trackers noted the NSA's website had been down for at least six hours, and the site continues to be inaccessible for some users.","शाम को ऑनलाइन सर्वर ट्रैकर्स ने पाया था कि एन.एस.ए. की वेबसाइट कम से कम छह घंटों के लिए बंद थी, तथा कुछ उपयोगकर्ताओं के लिए साइट अभी भी पहुंच में नहीं है।","इस शाम के ऑनलाइन सर्वर ट्रैकों ने NA की वेबसाइट कम से कम छः घंटे के लिए नीचे लिखी थी, और साइट कुछ उपयोक्ताों के लिए बंद हो गया है.",The NSA's website has been down for at least six hours,<extra_id_0>
"Earlier an NSA spokesperson told ABC News the agency's internal, sensitive network was ""not at all"" compromised.","एन.एस.ए. के प्रवक्ता ने ए.बी.सी. न्यूज से कहा कि एजेन्सी के आंतरिक, संवेदनशील नेटवर्क के साथ ""बिलकुल भी ""समझौता नहीं हुआ था।","इससे पहले एक NASASAS ने कंपनी के आंतरिक समाचार को बताया, संवेदनशील नेटवर्क ""बिल्कुल नहीं"" समझौता किया था।","Earlier an NSA spokesperson told ABC News the agency's internal, sensitive network was ""not at all"" compromised.",<extra_id_0> English to Hindi
"No classified information is in danger, the spokesperson said.",प्रवक्ता ने कहा कि कोई भी वर्गीकृत सूचना खतरे में नहीं है।,"कोई वर्गीकृत जानकारी ख़तरे में नहीं है, प्रवक्‍ता ने कहा ।","No classified information is in danger, the spokesperson said.",<extra_id_0>
At least one hacktivist group online claimed that they were responsible for bringing down the NSA site with a DDoS attack.,कम से कम एक हैक्टिविस्ट समूह ने ऑनलाइन दावा किया है कि वे डी.डी.ओ.एस. हमले द्वारा एन.एस.ए. की वेबसाइट बाधित करने के लिए जिम्मेदार हैं।,कम से कम एक हैकिस्ट समूह ऑनलाइन ने दावा किया कि वे एनएसएएस साइट को एक DDS हमले के साथ नीचे लाने के लिए जिम्मेदार थे।,At least one hacktivist group online claimed that they were responsible for bringing down the NSA site with a DDoS attack.,<extra_id_0>
DDoS attacks are designed to flood a target website with traffic until the servers are overloaded and the site collapses.,"डी.डी.ओ.एस. हमला इस तरह से डिजाइन किया जाता है कि लक्ष्य वेबसाइट पर इतनी अधिक मात्रा में तब तक ट्रैफिक भेजा जाता है, जब तक कि सर्वर ओवरलोड होने के कारण साइट बंद न हो जाए।","जब तक सर्वर बोझ से दब नहीं जाते और साइट गायब नहीं हो जाते, तब तक ट्रैफिक के साथ एक लक्ष्य वेबसाइट को जलप्रलय से पार करने के लिए बनाया जाता है ।",DDoS attacks are designed to flood a target website with traffic until the servers are overloaded and the site collapses.,<extra_id_0> -
The cyber tactic is a relatively unsophisticated one and the attacks are not meant to penetrate the internal network of the target system.,यह साइबर रणनीति अपेक्षाकृत अपरिष्कृत है तथा हमलों का उद्देश्य लक्ष्य सिस्टम के आंतरिक नेटवर्क को भेदना नहीं होता।,यह धोखा देनेवाली चाल एक सापेक्ष रूप से एक और हमले का अर्थ नहीं कि लक्ष्य व्यवस्था के आंतरिक संजाल में प्रवेश करें ।,The cyber tactic is a relatively unsophisticated one and the attacks are not meant to penetrate the internal network of the target system.,<extra_id_0>.
"The formerly super secretive NSA, once nicknamed No Such Agency, has found itself in very public light, and amid vicious criticism, in past months following a stream of revelations about is vast foreign and domestic surveillance programs - collectively the product of secret NSA files stolen from the agency and leaked by disenchanted former NSA contractor Edward Snowden.","भूतपूर्व अत्यधिक रहस्यपूर्ण एन.एस.ए., जिसे कभी ""ऐसी कोई एजेन्सी नहीं"" का नाम दिया गया था, पिछले महीनों में बहुत अधिक मात्रा में विदेशी और घरेलू जासूसी कार्यक्रमों की घटनाओं के सामने आने से आम लोगों के बीच में चर्चा तथा कटु आलोचना का विषय बन गई है - जो सामूहिक रूप से विरक्त हुए भूतपूर्व एन.एस.ए. अनुबंधकर्ता एडवर्ड स्नोडेन द्वारा गुप्त एन.एस.ए. फाइलों को एजेन्सी से चुराए जाने तथा रहस्योद्धाटन के पश्चात हुआ।","पिछले महीनों में, बहुत से विदेशी और घरेलू निगरानी कार्यक्रमों के बारे में एक धारा के बाद, गुप्त NASIA फ़ाइलों के उत्पादों को सामूहिक रूप से चोरी कर दिया है और भूतपूर्व भूतपूर्व भूतपूर्व ASAsssssserverns द्वारा भूतपूर्व सोवियत संघ.","The formerly super secretive NSA, once nicknamed No Such Agency, has found itself in very public light, and amid vicious criticism, in past months following a stream of revelations about its vast foreign and domestic surveillance programs - collectively the product of secret NSA files stolen from the agency and leaked by disenchanted former NSA contractor Edward Snowden.",<extra_id_0>.
Such growing controversy surrounding the agency prompted early speculation that tonight's incident was the result of a targeted cyber operation.,"एजेन्सी के बारे में इस प्रकार बढ़ते विवाद के कारण, आज रात्रि की घटना के पश्चात ऐसी अटकलें लगाई गईं कि, यह घटना लक्षित साइबर ऑपरेशन का परिणाम थी।",विभाग के आसपास इस तरह बढ़ रही बहस ने शुरू में अटकलें लगा दी कि आज रात की घटना एक लक्ष्यहीन ऑपरेशन का परिणाम था.,Such growing controversy surrounding the agency prompted early speculation that tonight's incident was the result of a targeted cyber operation.,<extra_id_0>.
"A wonderful performance was given at the show ""Ek aur Dronacharya"" showing the resemblance between the Dwaapar yug and today.",द्वापर युग और आज की परिस्थितियों में सामंजस्य दिखाते 'एक और द्रोणाचार्य' कथानक के अनुरूप सुंदर अभिव्यक्ति प्रस्तुत की गई।,"इस शो में एक शानदार प्रदर्शन दिया गया था ""एक स्टूचिया"" जो Dwaghuug और आज के बीच समानता दिखा रहा है।","A wonderful performance was given at the show ""Ek aur Dronacharya"" showing the resemblance between the Dwaapar yug and today.",<extra_id_0>
"It showed how, in today's world, a teacher can be forced to follow the wrong path in compromising circumstances.",दिखाया गया कि आज के परिपेक्ष्य में किन बेड़ियों में बंधकर एक गुरु गलत रास्ते पर चलने को बाध्य किया जाता है।,"इसने दिखाया कि आज की दुनिया में, एक शिक्षक को मजबूर किया जा सकता है कि समझौता की परिस्थितियों में गलत रास्ते का पालन करने के लिए।","It showed how, in today's world, a teacher can be forced to follow the wrong path in compromising circumstances.",<extra_id_0>
"The play was inaugurated in the St. Joseph Inter College auditorium jointly by Chief Guest MLA Prabhdayal Valmiki, Cantonment Board Vice-president Shipra Rastogi, Nresh Kansal and Shakti Singh.","नाटक का शुभारंभ सेंट जोसेफ इंटर कालेज के सभागार में मुख्य अतिथि विधायक प्रभुदयाल वाल्मीकि, छावनी परिषद की उपाध्यक्ष शिप्रा रस्तोगी, नरेश कंसल और शक्ति सिंह ने संयुक्त रूप से किया।",इस नाटक का उद्‌घाटन सेंट के सेंट नैशनल कॉलेज में किया गया था ।,"The play was inaugurated in the St. Joseph Inter College auditorium jointly by Chief Guest MLA Prabhdayal Valmiki, Cantonment Board Vice-president Shipra Rastogi, Nresh Kansal and Shakti Singh..",<extra_id_0>.
The play showed the similarities between the conditions in Dronacharya in the Dwaapaar age and followed a professor called Arvind in the present day.,नाटक में द्वापर युग के द्रोणाचार्य और वर्तमान में एक प्रोफेसर अरविंद की परिस्थितियों की साम्यता को दर्शाया गया था।,"इस नाटक ने डेईना की उम्र में डॉना के हालात के बीच जो समानताएँ देखीं, वे आज के दिन के एक प्रोफेसर का कहना है कि वे दोनों एक - दूसरे के साथ मेल - जोल रखते हैं ।",The play showed the similarities between the conditions in Dronacharya in the Dwaapaar age and followed a professor called Arvind in the present day.,<extra_id_0>
"The play directed by Anil Sharma, Bharat Bhushan Sharma, Anil Sharma, Vinod Bechain, Hemant Goel, Seema Samar, Vanshidhar Chaturvedi, Abid Sammy, Shiva Ghazala, Amit, Ramesh, Arjun etc. did full justice to the characters and was a spectacular show.","अनिल शर्मा निर्देशित नाटक में भारत भूषण शर्मा, अनिल शर्मा, विनोद बेचैन, हेमंत गोयल, सीमा समर, वंशीधर चतुर्वेदी, आबिद सैमी, शिवा गजाला, अमित, रमेश, अर्जुन आदि ने किरदारों के साथ पूरा न्याय करते हुए शानदार प्रस्तुति दी।","ऐल्फामा ने जो नाटक निर्देशित किया वह था, बिस्कुमा, एनिम्रामामा, वुलेद बेड, हेनेस्ट गाँत, योशीद, व्‍ना, अब्‍त सैम, रेबाधाफ, राम्‍ना, राम्‍ना । न्याय के लिए पूरा किया गया और एक शानदार नाम दिखाया गया ।","The play directed by Anil Sharma, Bharat Bhushan Sharma, Anil Sharma, Vinod Bechain, Hemant Goel, Seema Samar, Vanshidhar Chaturvedi, Abid Sammy, Shiva Ghazala, Amit, Ramesh, Arjun etc. did full justice to the characters and was a spectacular show.",<extra_id_0>.
"The theatre lighting was handled by a young artist, Jitendra C. Raj, and the set was designed by Hemant Kumar.",नाटक में प्रकाश व्यवस्था युवा रंगकर्मी जितेंद्र सी. राज और सेट का डिजायन हेमंत कुमार ने की थी।,"राज - राज के एक छोटे - से कलाकार, जे. राज के ज़रिए बनाया गया था और यह सेट हेटर्ट कुमार ने बनाया था ।","The theatre lighting was handled by a young artist, Jitendra C. Raj, and the set was designed by Hemant Kumar.",<extra_id_0>
"After this function on behalf of APTA, many awards were presented to various literary and cultural personalities.","इसके उपरांत समारोह में अप्टा की ओर से साहित्यिक, सांस्कृतिक योगदान करने वाले विभूतियों को विविध अवार्ड प्रदान किया गया।","ए. के पक्ष में इस समारोह के बाद, अनेक साहित्यिक और सांस्कृतिक व्यक्‍तित्वों को प्रस्तुत किया गया ।","After this function on behalf of APTA, many awards were presented to various literary and cultural personalities.",<extra_id_0>.
"The head of the Urdu Department of Charan Singh University, Dr. Aslam Jamshedpuri, Senior Journalist Shambhunath Shukla and theatre designer Jitendra C. Raj were awarded on this occasion.","इसमें चरण सिंह विवि के उर्दू विभागाध्यक्ष डा. असलम जमशेदपुरी, वरिष्ठ पत्रकार शंभूनाथ शुक्ला और रंगकर्मी जितेंद्र सी. राज को दिया गया।",इस अवसर पर राज किया जाता था ।,"The head of the Urdu Department of Charan Singh University, Dr. Aslam Jamshedpuri, Senior Journalist Shambhunath Shukla and theatre designer Jitendra C. Raj were awarded on this occasion.",<extra_id_0>.
"Among the officials of the executive committee, secretary Surendra Sharma, Rakesh Kaushik, Abid Rizvi etc., contributed to the success of the program.","आयोजन सफल बनाने में कार्यकारिणी के पदाधिकारियों में सचिव सुरेंद्र शर्मा, राकेश कौशिक, आबिद रिजवी आदि का योगदान रहा।","अधिकारी समिति के अधिकारियों के बीच, सचिव आन्कीमा, राकेशशशश क्लशिक, अबीवी आदि ने कार्यक्रम की सफलता में योगदान दिया ।","Among the officials of the executive committee, secretary Surendra Sharma, Rakesh Kaushik, Abid Rizvi etc., contributed to the success of the program.",<extra_id_0>.
"Bombardier profit dips as plane deliveries, orders fall","विमान की डिलीवरी के रूप में Bombardier के मुनाफे में गिरावट, आदेशों में गिरावट","विमान बचाव के रूप में बम - बम तूफानों का लाभ उठाता है, आदेश गिर जाते हैं","Bombardier profit dips as plane deliveries, orders fall.",<extra_id_0>
"Canadian plane and train maker Bombardier Inc reported a 15 percent fall in net profit on Thursday, pressured by fewer aircraft orders and deliveries in the third quarter and contract issues in its train unit.","कनाडा के हवाई जहाज और ट्रेन मेकर Bombardier  Inc ने गुरुवार को शुद्ध लाभ में 15 प्रतिशत की गिरावट की सूचना दी, अपनी रेलगाड़ी यूनिट में तीसरी तिमाही में और अनुबंध मुद्दों पर उससे कम विमान आदेश और प्रसव द्वारा दबावके रूप में.",कनाडा के हवाई जहाज़ और ट्रेन बनानेवाले बम - बमों ने रिपोर्ट किया कि गुरुवार को जाल से 15 प्रतिशत नुकसान होता है ।,"Canadian plane and train maker Bombardier Inc reported a 15 percent fall in net profit on Thursday, pressured by fewer aircraft orders and deliveries in the third quarter and contract issues in its train unit.",<extra_id_0> -
Montreal-based Bombardier also did not release any flight test data for its brand-new CSeries aircraft or offer an update on whether the plane will meet its ambitious schedule of going into commercial service by next September.,मॉन्ट्रियल आधारित Bombardier ने भी अपने ब्रांड नए CSeries विमान के लिए किसी भी उड़ान परीक्षण डेटा को रिलीज या विमान अगले सितंबर से वाणिज्यिक सेवा में जाने की अपनी महत्वाकांक्षी कार्यक्रम को पूरा होगा मुद्दों पर एक अद्यतन पेश नहीं किया.,एमिलिया की आधारित बम - आधारित बमों ने भी अपने ब्रांडी-नए सीवर्स विमानों के लिए कोई परीक्षण डाटा छोड़ा या यह एक अद्यतन प्रस्तुत नहीं किया कि क्या हवाई जहाज़ अगले सितम्बर तक व्यापारिक सेवा में जाने के लिए अपनी आग्रही सारणी को पूरा करेगा.,Montreal-based Bombardier also did not release any flight test data for its brand-new CSeries aircraft or offer an update on whether the plane will meet its ambitious schedule of going into commercial service by next September.,<extra_id_0> aircraft
"After the test plane's inaugural flight about a month and a half ago, it has only flown three more times, raising questions over whether the testing phase is on track.","परीक्षण विमान की पहली उड़ान के बाद एक  और आधा महीने पहले लगभग, यह सिर्फ  तीन बार उड़ाया गया है, सवाल उठा है कि परीक्षण चरण ट्रैक पर है या नहीं है.","जाँच विमान की उड़ान के बाद एक महीने और आधा साल पहले, यह केवल तीन बार बह रहा है, इस पर सवाल उठाना है कि परीक्षण चरण ट्रैक पर है या नहीं.","After the test plane's inaugural flight about a month and a half ago, it has only flown three more times, raising questions over whether the testing phase is on track.",<extra_id_0>
Results fell short of forecasts and sent shares sliding more than 8 percent on the Toronto Stock Exchange.,परिणाम पूर्वानुमान से कम गिर गया और शेयर टोरंटो स्टॉक एक्सचेंज में 8 प्रतिशत से अधिक स्लाइडिंग के लिए भेजा है.,नतीजा कम - से - कम अनुमान लग गए और अमरीका में 8 प्रतिशत से भी ज़्यादा लोगों को अमरीका के माल - दौलत कमाने के लिए भेजा गया ।,Results fell short of forecasts and sent shares sliding more than 8 percent on the Toronto Stock Exchange.,<extra_id_0>
"Cameron Doerksen, an analyst with National Bank Financial, lowered his rating to ""sector perform"" from ""outperform"" on Thursday with the view that the stock has limited upside over the next one or two quarters.","कैमरून डोरसेन, नेशनल बैंक फाइनेंशियल के साथ एक विश्लेषक शेयर ने गुरुवार को ""मात"" से ""क्षेत्र प्रदर्शन"" के लिए अपनी रेटिंग घटा दी थी स्टॉक अगले एक से या दो तिमाहियों के दौरान ऊपर है सीमित है.","कैमरून डॉक्सन ने नैशनल बैंक वित्तीय के साथ एक सर्वे लिया, अपने रेटिंग से ""बाहर से"" गुरुवार के विचार के साथ कि काठ अगले एक या दो जगहों पर सीमित है।","Cameron Doerksen, an analyst with National Bank Financial, lowered his rating to ""sector perform"" from ""outperform"" on Thursday with the view that the stock has limited upside over the next one or two quarters.",<extra_id_0>
"""While the weaker aircraft deliveries were mostly anticipated, we are clearly disappointed by the margin performance in transportation,"" Doerksen said in a client note.","""कमजोर विमान  डिलीवरी ज्यादातर प्रत्याशित रहे थे, हम स्पष्ट रूप से परिवहन में मार्जिन प्रदर्शन से निराश हैं, ""डोरसेन ने एक क्लाइंट नोट में कहा.","""जब कमज़ोर विमानों के बचाव की प्रतीक्षा कर रहे थे, हम परिवहन में हाशिया प्रदर्शन द्वारा स्पष्ट रूप से निराश कर रहे हैं,"" Derkon ने एक ग्राहक नोट में कहा.","""While the weaker aircraft deliveries were mostly anticipated, we are clearly disappointed by the margin performance in transportation,"" Doerksen said in a client note.",<extra_id_0>.
We believe that Bombardier will receive new orders for the CSeries as the flight test program progresses.,हमें उड़ान के परीक्षण कार्यक्रम की प्रगति के रूप में Bombardier CSeries के लिए नया आदेश प्राप्त होगा.,हम विश्वास करते हैं कि बमबारर को Creries के लिए नए आदेश प्राप्त होंगे... ... उड़ान परीक्षण कार्यक्रम फिर से शुरू होता है.,We believe that Bombardier will receive new orders for the CSeries as the flight test program progresses.,<extra_id_0>
"However, if no new orders are announced in the coming months, we suspect that the market will become more skeptical of the program.","हालांकि, अगर कोई भी नए आदेश आने वाले महीनों में घोषणा नहीं कर रहे हैं, संदेह है कि बाजार कार्यक्रम का सशंकित हो जाएगा.","लेकिन, अगर आनेवाले महीनों में कोई नया आदेश घोषित नहीं किया जाता, तो हमें शक होता है कि बाजार कार्यक्रम के बारे में ज़्यादा संदेही बन जाएगा ।","However, if no new orders are announced in the coming months, we suspect that the market will become more skeptical of the program.",<extra_id_0>.
Bombardier hopes the CSeries aircraft family can catapult it into the low end of a market now dominated by Boeing and Airbus.,Bombardier को उम्मीद है विमान परिवार अब बोइंग और एयरबस के वर्चस्व वाले बाजार के कम अंत में इसे कटपुलट कर सकते हैं.,बमवर्षकों उम्मीद करते हैं कि CSeries विमान परिवार उसे एक बाजार के कम छोर में ले जा सकते हैं अब हवा और एयरब्स द्वारा नियंत्रित एक बाजार के कम छोर पर.,Bombardier hopes the CSeries aircraft family can catapult it into the low end of a market now dominated by Boeing and Airbus.,<extra_id_0>
The first test plane was unveiled in March and took flight for the first time in September after months of delays.,पहला परीक्षण विमान मार्च में अनावरण किया और देरी के महीने के बाद सितंबर में पहली बार के लिए उड़ान किया गया था.,मार्च में पहला परीक्षण विमान शुरू किया गया और सितम्बर में देरी के महीनों में पहली बार उड़ान भरने के लिए चला गया ।,The first test plane was unveiled in March and took flight for the first time in September after months of delays.,<extra_id_0>
But firm orders for the CSeries are moderate so far at 177 as potential buyers wait for flight test results to validate the company's claims about the new jetliner's fuel efficiency and cost savings potential.,संभावित क्रेता नए जेटलाइनर ईंधन दक्षता और संभावित लागत बचत के बारे में कंपनी के दावों को मान्य करने के लिए उड़ान के परीक्षण के परिणाम के लिए इंतजार करते हैं लेकिन जैसा कि CSeries के लिए पक्का आर्डर 177 तक के मध्यमहैं.,लेकिन CSeries के लिए दृढ़ आदेश इतने हद तक सीमित हैं कि संभव लाभों की प्रतीक्षा में हैं उड़ान परीक्षण के लिए कंपनी के प्रयास परिणाम नए जेट ईंधन विमान और बचत क्षमता के बारे में वैध दावा करने के लिए।,But firm orders for the CSeries are moderate so far at 177 as potential buyers wait for flight test results to validate the company's claims about the new jetliner's fuel efficiency and cost savings potential.,<extra_id_0>
There are currently 403 total orders and commitments with 15 customers and operators.,15 ग्राहकों के और के ऑपरेटरों के साथ 403 सम्पूर्ण आर्डर और प्रतिबद्धता उपलब्ध है.,वर्तमान में ४०३ कुल आदेश हैं और १५ ग्राहक और ऑपरेटर के साथ प्रतिज्ञा करते हैं ।,There are currently 403 total orders and commitments with 15 customers and operators.,<extra_id_0>
Chief Executive Officer Pierre Beaudoin was confident Bombardier would meet its 300 firm order target by the time the first jet is put into commercial use.,मुख्य कार्यकारी अधिकारी पियरे बौडोइन को विश्वास था Bombardier पहले जेट वाणिज्यिक उपयोग में लाने के समय से अपने 300 फर्म आर्डर लक्ष्य को पूरा करेगा.,प्रथम जेट प्रयोग में रखा जाता है जब तक कि पहला जेट व्यापार में डाला जाता है ।,Chief Executive Officer Pierre Beaudoin was confident Bombardier would meet its 300 firm order target by the time the first jet is put into commercial use.,<extra_id_0>
Executives also reassured analysts and media on Thursday the program was progressing according to schedule.,अधिकारियोंने विश्लेषकों और गुरुवार को मीडिया को आश्वस्त किया कि कार्यक्रम अनुसूची के अनुसार चल रहा था.,"इसके अलावा, गुरुवार के कार्यक्रम में दी गयी जानकारी और मीडिया को भी यकीन दिलाया गया कि वे वक्‍त के हिसाब से काम कर रहे हैं ।",Executives also reassured analysts and media on Thursday the program was progressing according to schedule.,<extra_id_0>.
"""The test plane didn't stay on the ground longer than anticipated,"" Beaudoin said in a conference call, adding that ground tests and software updates were scheduled during the plane's downtime.","""परीक्षण विमान पूर्वानुमानित तुलना में लंबे समय तक भूमि पर रह था,"" बौडोइन ने एक कॉन्फ्रेंस कॉल में कहा, इसे भी जोड़कर भूमि परीक्षण और सॉफ्टवेयर अपडेट विमान के अन्तराल के दौरान निर्धारित किया गया .",""" परीक्षण विमान की उम्मीद से अधिक समय तक भूमि पर नहीं रहा,"" बेकाडोन ने एक सम्मेलन कॉल में कहा, और जोड़ दिया कि जमीन जाँच और सॉफ्टवेयर अद्यतन विमान के नीचे समय पर अनुसूचित किया गया था.",The test plane didn't stay on the ground longer than anticipated,<extra_id_0> -
Every manufacturer schedules it in a different way.,हर निर्माता एक अलग तरीके से शेड्यूल बनाते हैं.,हर निर्माता इसे अलग तरीके से निर्धारित करता है.,Every manufacturer schedules it in a different way.,<extra_id_0>
We had decided to do a first flight and to do an update period and that's what we have done.,हमने एक पहली उड़ान करने के लिए और एक अद्यतन अवधि करने का फैसला किया था है और कहा कि हमने क्या किया है.,हम एक पहली उड़ान करने और एक अद्यतन अवधि करने के लिए फैसला किया था और कि हम क्या किया है.,We had decided to do a first flight,<extra_id_0>
That will happen all through the flight program.,यही कारण है कि उड़ान कार्यक्रम के माध्यम से सब हो जाएगा.,कि सभी उड़ान कार्यक्रम के माध्यम से हो जाएगा.,That will happen all through the flight program.,<extra_id_0>
"The second of five test planes is expected to take flight in the coming weeks, with the remainder following shortly after, the company said.","पांच परीक्षण विमानों के दूसरे शेष भाग कुछ ही समय बाद निम्नलिखित के साथ, आने वाले सप्ताहों में उड़ान भरने की उम्मीद है, कंपनी ने कहा","पाँच परीक्षण विमानों में से दूसरा को आने वाले हफ्तों में उड़ान भरने की अपेक्षा की जाती है, साथ ही अगले कुछ ही समय बाद, कंपनी ने कहा ।","The second of five test planes is expected to take flight in the coming weeks, with the remainder following shortly after, the company said.",<extra_id_0>
"Still, analysts are skeptical the first customer can begin operating a CSeries plane 12 months after its maiden flight.","फिर भी, विश्लेषकों का मानना है संदेह कर रहे हैं ग्राहक पहले 12 महीनों में अपनी पहली उड़ान के बाद एक CSeries विमान परिचालन शुरू कर सकते हैं .","फिर भी, विश्‍वास करनेवाले संदेह करते हैं कि पहला ग्राहक अपनी लड़की की उड़ान के 12 महीने बाद विमान विमान पर काम शुरू कर सकता है ।","Still, analysts are skeptical the first customer can begin operating a CSeries plane 12 months after its maiden flight.",<extra_id_0>
Bombardier said it was evaluating the entry-into-service (EIS) schedule and will provide an update in the next few months.,Bombardier ने कहा है कि यह प्रवेश में सेवा (EIS) अनुसूची का मूल्यांकन किया गया और अगले कुछ महीनों में एक अद्यतन प्रदान करेगा.,बर्डर ने कहा कि यह प्रविष्टि-ओ-कोज़ (EIS) योजना स्थापित कर रहा था और अगले कुछ महीनों में एक अद्यतन प्रदान करेगा।,Bombardier said it was evaluating the entry-into-service (EIS) schedule and will provide an update in the next few months.,<extra_id_0>
"""This slow pace of flight testing - although in line with Bombardier's internal schedule apparently - reinforces our view that entry-into-service will be pushed to Q1/15,"" said Doerksen.","""उड़ान परीक्षण की यह धीमी गति  - हालांकि Bombardier के आंतरिक अनुसूची के साथ लाइन में  - हमारे विचार को पुष्ट करताहै किप्रवेश में सेवा को Q1/15 में  धकेल दिया जाएगा ,"" डोरसेन ने कहा .","""हवा जाँच की यह धीमी गति - हालांकि बमों के आंतरिक अनुसूचन के साथ पंक्ति में - हमारे दृश्य को मजबूत करता है कि प्रविष्टि-कांत्र Q1/15 में ढकेल दिया जाएगा"" ने कहा.","""This slow pace of flight testing - although in line with Bombardier's internal schedule apparently - reinforces our view that entry-into-service will be pushed to Q1/15,"" said Doerksen.",<extra_id_0> to Q1/15
"For the third quarter ended September 30, Bombardier's net profit fell to $147 million, or 8 cents per share, from $172 million, or 9 cents per share a year earlier.","30 सितंबर को समाप्त तीसरी तिमाही के लिए, Bombardier के शुद्ध लाभ एक साल पहले $ $147मिलियन, या प्रति शेयर 8 सेंट, $172मिलियन, या प्रति शेयर 9 सेंट तक गिर गया.","तीसरे चौथाई के लिए 30 सितंबर, बमों के जाल के लाभ के लिए 10 करोड़ डॉलर, या 8 सेंट हर साल पहले हिस्सा लेते हैं।","Bombardier's net profit fell to $147 million, or 8 cents per share, from $172 million, or 9 cents per share a year earlier",<extra_id_0>.
Adjusted earnings per share were unchanged at 9 cents.,प्रति शेयर समायोजित आय 9 सेंट पर अपरिवर्तित रहे.,प्रति भाग लेने की कमाई ९ सेंट्स पर अटूट रूप से की गयी थी ।,Adjusted earnings per share were unchanged at 9 cents.,<extra_id_0>
Revenue dipped marginally to $4.1 billion from $4.2 billion.,राजस्व $4.2 बिलियन डॉलर से $ 4.1 बिलियन मामूली डूबा.,$१ अरब से $१ अरब डॉलर के लिए सौ डॉलर में डुबोए.,Revenue dipped marginally to $4.1 billion from $4.2 billion.,<extra_id_0>
"Analysts had expected earnings of 10 cents per share and revenue of $4.56 billion, according to Thomson Reuters I/B/E/S.","विश्लेषकों थॉमसन रॉयटर्स I/B/E/S के अनुसार, 10 प्रति शेयर सेंट और $4.56 बिलियन के राजस्व की आय मिलने की उम्मीद थी.","अनुमान लगाया गया था कि 10 सेंटों की कमाई प्रति भाग और राजस्व का भुगतान होगा.56 अरब, थॉमसमसन I/B/E/S के अनुसार.","Analysts had expected earnings of 10 cents per share and revenue of $4.56 billion, according to Thomson Reuters I/B/E/S.",<extra_id_0> -
"The world's fourth-largest planemaker said it delivered 45 aircraft during the quarter, down from 57 a year earlier.","दुनिया की चौथी सबसे बड़ी विमान निर्माता ने कहा कि एक वर्ष पहले 57 से नीचे, तिमाही के दौरान 45 विमान सुपुर्द किया गया","दुनिया के चौथे बड़े विमान निर्माता ने कहा कि यह एक साल पहले, 57 से 45 विमानों को दे दिया था।","The world's fourth-largest planemaker said it delivered 45 aircraft during the quarter, down from 57 a year earlier.",<extra_id_0>
"Net orders fell to 26 aircraft, from 83.",शुद्ध आदेश 83 से 26 विमान तक गिर गया.,29 से 26 विमानों तक न जाने उनके आदेश टूट गए.,"Net orders fell to 26 aircraft, from 83.",<extra_id_0>
"The backlog in the aerospace division was $32.9 billion as of September 30, unchanged from December 31.","एयरोस्पेस डिवीजन में बैकलॉग 30 सितम्बर पर  $32.9 बिलियन था,31 दिसंबर से कोई बदलाव नहीं.",दिसंबर 31 से 30 अरब के सितंबर महीने के दौरान अमरीका में एक बार फिर से प्रचार काम में हिस्सा लेने के लिए 30 अरब लोग आए थे ।,"The backlog in the aerospace division was $32.9 billion as of September 30, unchanged from December 31.",<extra_id_0>
"""In aerospace, results were in line with our guidance, but the low order intake and overall market conditions were a disappointment,"" Beaudoin said.","""एयरोस्पेस, परिणाम हमारे मार्गदर्शन के साथ लाइन में थे, लेकिन निम्न क्रम के सेवन और कुल मिलाकर बाजार की स्थिति एक निराशा रहे थे,"" बौडोइन ने कहा .","""एक फार्म में, परिणाम हमारे मार्गदर्शन के साथ पंक्ति में थे, लेकिन कम आदेश लेने और कुल बाजार की स्थिति एक निराशा थी,"" बेनाडो ने कहा.","""In aerospace, results were in line with our guidance, but the low order intake and overall market conditions were a disappointment,"" Beaudoin said.",<extra_id_0>.
Aerospace revenue fell 13 percent to $2 billion.,एयरोस्पेस राजस्व में 2 अरब डॉलर में 13 प्रतिशत की गिरावट.,Aerrol राजस्व 13 प्रतिशत डॉलर डॉलर $200 अरब तक गिर गया.,Aerospace revenue fell 13 percent to $2 billion.,<extra_id_0>
"Bombardier, the world's largest trainmaker, said revenue in that division rose nearly 11 percent to $2.1 billion.","Bombardier ने कहा कि दुनिया की सबसे बड़ी ट्रेन निर्माता, डिवीजन में राजस्व में $2.1 बिलियन के लिए लगभग 11 प्रतिशत की वृद्धि हुई थी.","बम, दुनिया का सबसे बड़ा ट्रेन निर्माता, ने कहा कि उस विभाजन में लगभग 11 प्रतिशत $1 अरब हो गए.","Bombardier, the world's largest trainmaker, said revenue in that division rose nearly 11 percent to $2.1 billion.",<extra_id_0>
"The order backlog in the transportation unit was $32.6 billion as of September 30, up marginally from December 31.","परिवहन इकाई में आदेश बैकलॉग रहे थे $32.6 बिलियन के  लगभग 30 सितंबर के, ऊपर मामूली 31 दिसंबर से.",इस जहाज़ में 30 अरब से भी ज़्यादा लोग सफर कर रहे थे ।,"The order backlog in the transportation unit was $32.6 billion as of September 30, up marginally from December 31.",<extra_id_0>
The transportation division's margins were affected by execution issues in a few large contracts.,परिवहन प्रभाग के मार्जिन में कुछ बड़े अनुबंध में भी निष्पादन के मुद्दों से प्रभावित हुए थे.,परिवहन विभाजन के हाशिया कुछ बड़े अनुबंधों में हत्या के कारण प्रभावित हुए.,The transportation division's margins were affected by execution issues in a few large contracts.,<extra_id_0>
Executives said new guidance would be provided in the fourth quarter.,कार्यकारी अधिकारियों ने कहा कि नए मार्गदर्शन चौथी तिमाही में प्रदान किए जाएंगे.,चलाएँ कहा जाता है कि चौथे चौथाई में नए मार्गदर्शन प्रदान किया जाएगा।,Executives said new guidance would be provided in the fourth quarter.,<extra_id_0>
"Shares of Bombardier, which also announced that Google Inc Chief Financial Officer Patrick Pichette would join the board, were down 8.5 percent at C$4.83 in mid afternoon trading on Thursday.","Bombardier के शेयरों में , जिसमें Google Inc के मुख्य वित्तीय अधिकारी पैट्रिक पिचेट बोर्ड की शामिल होने   घोषणा की, गुरुवार को मध्य दोपहर के कारोबार में  भी C $ 4.83 पर नीचे 8.5 के प्रतिशत थे.","सन्‌ 875 के आस - पास, गुरुवार की दोपहर के व्यापार में 85 प्रतिशत लोगों का इंटरव्यू लिया गया ।","Shares of Bombardier, which also announced that Google Inc Chief Financial Officer Patrick Pichette would join the board, were down 8.5 percent at C$4.83 in mid afternoon trading on Thursday.",<extra_id_0>.
"Brazil's Embraer SA, the world's third-largest commercial planemaker and Bombardier's closest rival, reported a 10 percent fall in quarterly profit on Thursday.","ब्राजील के एमब्रेयर एसए, दुनिया के तीसरे सबसे बड़े व्यावसायिक विमान निर्माता और Bombardier के निकटतम प्रतिद्वंद्वी, गुरुवार को तिमाही लाभ में 10 प्रतिशत की गिरावट की सूचना दी.","ब्राज़ील के एमब्राअर, दुनिया का तीसरा बड़ा व्यापार विमान निर्माता और बर्ड के सबसे नज़दीकी विरोधी, ने रिपोर्ट की कि गुरुवार पर दस प्रतिशत लाभ में गिरता है।","Brazil's Embraer SA, the world's third-largest commercial planemaker and Bombardier's closest rival, reported a 10 percent fall in quarterly profit on Thursday.",<extra_id_0> -
New research has revealed that we work with complete honesty and dedication in the morning hours.,नई रिसर्च से यह पता चला है कि हम सुबह के समय पूरी ईमानदारी और समर्पण के साथ काम करते हैं।,नए शोध ने प्रकट किया है कि हम सुबह के घंटों में ईमानदारी और समर्पण के साथ काम करते हैं ।,New research has revealed that we work with complete honesty and dedication in the morning hours.,<extra_id_0>
Thoughts of lying to anyone and theft or cheating someone do not enter our heads.,किसी से झूठ नहीं बोलते और चोरी करने या धोखा देने जैसा ख्याल मन में नहीं आता।,किसी के साथ झूठ बोलने और चोरी करने के विचार या किसी को धोखा देने के विचार हमारे सिर में प्रवेश नहीं करते ।,Thoughts of lying to anyone and theft or cheating someone do not enter our heads.,<extra_id_0>
"But as the evening comes, our minds change and we set aside our principles and we go against the accepted norms.",लेकिन शाम होते ही हमारा मन बदल जाता हैं और हम आदर्श को एक तरफ रख नियम के खिलाफ चलने लगते है।,"लेकिन जैसे ही शाम आती है, हमारे मन बदल जाते हैं और हम अपने सिद्धान्तों को अलग रखते हैं और हम स्वीकृत विम के विरुद्ध जाते हैं ।","But as the evening comes, our minds change and we set aside our principles and we go against the accepted norms.",<extra_id_0>
"In research carried out by Harvard University and the David Axle School of Business, Utah, researchers have revealed some interesting facts.",हार्वर्ड यूनिवर्सिटी और यूटॉ के डेविड एक्लस स्कूल ऑफ बिजनेस के इस रिसर्च में शोधकर्ताओं ने कई रोचक तथ्य दिए हैं।,इस बात को लेकर खोजकर्ताओं ने कुछ दिलचस्प तथ्य बताए हैं ।,In research carried out by Harvard University and the David Axle School of Business,<extra_id_0>
"According to researchers, while we don't have work pressure in the morning we attach importance to moral values, but as the evening sets in, due to fatigue or extra pressure our honesty declines.","रिसर्चर्स के मुताबिक, सुबह काम का तनाव न होते हुए हम नैतिक मूल्यों को तरजीह देते हैं, लेकिन शाम होते ही थकान या अधिक प्रेशर की वजह से ईमानदारी घट जाती है।","खोजकर्ताओं के अनुसार, जबकि हम सुबह में काम नहीं करते हैं हम नैतिक मूल्यों को महत्त्व देते हैं, लेकिन जैसे शाम को होता है, थकान या हमारी ईमानदारी कम होने के कारण।","According to researchers, while we don't have work pressure in the morning we attach importance to moral values, but as the evening sets in, due to fatigue or extra pressure our honesty declines.",<extra_id_0>.
To test this researchers did two experiments.,इसके लिए रिसर्चर्स ने दो प्रयोग किए।,इस खोजकर्ताओं की जाँच करने के लिए दो परीक्षण किए गए ।,To test this researchers did two experiments.,<extra_id_0>
They asked some subjects to count the number of dots on a computer screen.,उन्होंने कुछ लोगों से कंप्यूटर स्क्रीन पर बिंदुओं की संख्या बताने को कहा।,उन्होंने कुछ विषयों से पूछा कि कंप्यूटर स्क्रीन पर बिन्दुओं की संख्या गिनें.,They asked some subjects to count the number of dots on a computer screen.,<extra_id_0>
"For example, subjects had to say if the dots were more on the right or left-hand side.","मसलन, लोगों को यह बताना था कि बिंदु बाईं तरफ अधिक है या दाईं तरफ।","उदाहरण के लिए, विषयों को कहना था कि यदि बिन्दु दाएँ या बाएँ हाथ की ओर होते तो ज्यादा होते.","For example, subjects had to say if the dots were more on the right or left-hand side.",<extra_id_0>
Participants were then told that if they give the wrong answer rather than the correct answer they would be given money.,हिस्सा लेने वालों को कहा गया कि अगर वे सही जवाब के बजाए गलत जवाब देंगे तो उन्हें पैसे दिए जाएंगे।,"फिर उससे कहा गया कि अगर वे सही जवाब न दें, तो उन्हें पैसे दिए जाएँगे ।",Participants were then told that if they give the wrong answer rather than the correct answer they would be given money.,<extra_id_0>
This experiment shows that those who took part in the experiment in the morning between 8 and 12 did not make any mistakes and they gave the correct answers.,इस एक्सपेरिमेंट में देखा गया कि सुबह 8 से 12 के बीच जिन लोगों पर प्रयोग किया गया उन्होंने कोई गलती नहीं की और सही जवाब दिया।,"यह प्रयोग दिखाता है कि जो लोग सुबह 8 से 12 के बीच प्रयोग में भाग लेते थे, उन्होंने कोई ग़लती नहीं की और उन्होंने सही जवाब दिया ।",This experiment shows that those who took part in the experiment in the morning between 8 and 12 did not make any mistakes and they gave the correct answers.,<extra_id_0>
"At the same time, those who took part in the experiment between 12 noon and 6pm set aside their morals and intentionally gave wrong answers.",वहीं दोपहर 12 से शाम 6 बजे के बीच लोगों पर प्रयोग करते समय पाया गया कि उन्होंने अपने उसूलों को ताक पर रखकर जानबूझकर गलत जवाब दिए।,"साथ ही, जिन लोगों ने 12 घंटे और 6 बजे का परीक्षण किया, उन्होंने अपने नैतिक स्तरों को छोड़ दिया और जानबूझकर गलत जवाब दिए ।","At the same time, those who took part in the experiment between 12 noon and 6pm set aside their morals and intentionally gave wrong answers.",<extra_id_0>.
"Researchers have succeeded in proving that in the morning the greed for money does not affect our honesty, but in the evening we chose to ignore morality.","इससे रिसर्चर्स यह साबित करने में कामयाब हो गए कि सुबह पैसों के लालच से हमारी ईमानदारी पर कोई फर्क नहीं पड़ता, लेकिन शाम होते ही हम नैतिकता को तवज्जो देना बंद कर देते हैं।","यह साबित करने में खोजकर्ताओं ने कामयाब हुए हैं कि सुबह - सुबह पैसे का लालच हमारी ईमानदारी पर असर नहीं करता, लेकिन शाम को हमने नैतिकता को नज़रअंदाज़ करने का चुनाव किया ।","Researchers have succeeded in proving that in the morning the greed for money does not affect our honesty, but in the evening we chose to ignore morality.",<extra_id_0>
The research is published in the current issue of Psychological Science.,यह रिसर्च साइकोलॉजिकल साइंस के ताजा अंक में प्रकाशित हुई है।,विज्ञान - विज्ञान के मौजूदा अंक में खोज की गयी है ।,The research is published in the current issue of Psychological Science.,<extra_id_0>
"After the robbery, the robbers left waving pistols.",लूटपाट के बाद बदमाश तमंचे लहराते हुए फरार हो गए।,"चोरी करने के बाद, डाकुओं ने भीड़ - भाड़ियों को छोड़ दिया ।","After the robbery, the robbers left waving pistols.",<extra_id_0>
Relatives admitted the wounded to the hospital in a critical condition.,परिजनों ने घायल को गंभीर अवस्था में अस्पताल में भर्ती कराया है।,रिश्‍तेदारों ने एक गंभीर स्थिति में अस्पताल में घायल व्यक्‍ति को स्वीकार किया ।,Relatives admitted the wounded to the hospital in a critical condition,<extra_id_0>
"Sunder s/o Sohanveer, a resident of Madhi Village, had recently retired from the post of junior engineer from the Electrical Department.",मढ़ी गांव निवासी सुंदर पुत्र सोहनवीर अभी हाल ही में विद्युत विभाग से अवर अभियंता के पद से सेवानिवृत्त हुए हैं।,"कुछ ही समय बाद, एक बार फिर, एक बार फिर, एक बार फिर, एक बार फिर, दूसरे देश के एक देश में रहनेवाले भाई - बहनों ने एक - के - बाद - एक अपना घर बेच दिया ।","Sunder s/o Sohanveer, a resident of Madhi Village, had recently retired from the post of junior engineer from the Electrical Department.",<extra_id_0>
On Wednesday he was returning home on his bicycle after withdrawing 44 thousand rupees from the Bhola branch of the Syndicate Bank.,बुधवार को वह सिंडिकेट बैंक की भोला स्थित शाखा से 44 हजार रुपये निकालकर साइकिल से घर लौट रहे थे।,बुधवार को वह अपनी साइकिल पर अपनी साइकिल पर वापस आ रहा था ।,He was arrested after withdrawing 44 thousand rupees from the Bhola branch of the Syndicate Bank.,<extra_id_0>
"On the Bhola to Marhi road, two men riding a bike came from behind and robbed Sundar and took the 44 thousand in cash.",भोला-मढ़ी मार्ग पर पीछे से आए बाइक सवार दो बदमाशों ने सुंदर से 44 हजार की नकदी लूट ली।,"बीहोला सड़क पर, दो पुरुष साइकिल से साइकिल चलाते और लूटते और लूटते और 44 हज़ार को नकदी में ले गए ।","On the Bhola to Marhi road, two men riding a bike came from behind and robbed Sundar and took the 44 thousand in cash.",<extra_id_0>
"When Sunder protested they shot him in the stomach, wounding him.","सुंदर ने विरोध किया तो बदमाशों ने उनके पेट में गोली मार दी ,जिससे वह घायल हो गए।","जब विरोधियों ने उसे पेट में गोली मार दी, तो उसे चोट लगी ।","When Sunder protested they shot him in the stomach, wounding him.",<extra_id_0>
"Upon hearing the news, family members and villagers rushed him to the hospital in Meerut in a serious condition.",जानकारी पर पहुंचे परिजनों और ग्रामीणों ने उन्हें गंभीर हालत में मेरठ के अस्पताल में भर्ती कराया।,"यह खबर सुनने के बाद, परिवार के लोग और गाँव के लोग उसे अस्पताल ले गए ।","Upon hearing the news, family members and villagers rushed him to the hospital in Meerut in a serious condition.",<extra_id_0>.
No report was filed until the news was reported.,समाचार लिखे जाने तक मामले में कोई रिपोर्ट दर्ज नहीं हो सकी थी।,समाचार रिपोर्ट किए जाने तक कोई रिपोर्ट फ़ाइल नहीं की गई.,No report was filed until the news was reported.,<extra_id_0>
"Note that three days ago Jasveer, a resident of Ammanulapur, was shot and injured while returning home from the same bank by two robbers.",बता दें कि तीन दिन पूर्व भी इसी बैंक से घर लौटते समय अम्मानुलापुर निवासी जसवीर को बाइक सवार दो बदमाशों ने गोली मारकर घायल कर दिया था।,"ध्यान दीजिए कि तीन दिन पहले, रँगाधिया के निवासी, दो डाकुओं ने एक ही बैंक से घर लौटने के दौरान गोली मार दी और घायल हो गए ।","Note that three days ago Jasveer, a resident of Ammanulapur, was shot and injured while returning home from the same bank by two robbers.",<extra_id_0>
The police could not reveal any information about many more similar recent cases besides these.,पुलिस इनके अलावा हाल ही में हुए कई और मामलों का खुलासा भी नहीं कर पाई है।,"इसके अलावा, पुलिस ने हाल ही के कई मामलों के बारे में और भी कुछ जानकारी नहीं दी ।",The police could not reveal any information about many more similar recent cases besides these.,<extra_id_0>
S/o Sumer Singh Yadav claimed that the details of the incident would be revealed soon.,"इधर, एसओ सुमेर सिंह यादव ने दावा किया कि घटनाओं का जल्द खुलासा कर दिया जाएगा।",एस/ओ सुज सिंह यादा ने दावा किया कि इस घटना की जानकारी जल्द ही प्रकट हो जाएगी.,S/o Sumer Singh Yadav claimed that the details of the incident would be revealed soon.,<extra_id_0>
When the hotel employees protested the fight began.,होटल कर्मियों ने विरोध किया तो मारपीट शुरू कर दी।,जब होटल के कर्मचारी लड़ाई का विरोध करने लगे ।,When the hotel employees protested the fight began.,<extra_id_0>
"R.K. Singh, the hotel owner's younger brother came to mediate, the MP's drunken son started a scuffle with him.",बीच बचाव करने आए होटल मालिक के छोटे भाई आरके सिंह के साथ नशे में धुत सांसद के बेटे ने हाथापाई शुरू कर दी।,"R.K. सिंह, होटल मालिक का छोटा भाई मीडियाट के पास आया, MP के बेटे ने उसके साथ एक दु.","R.K. Singh, the hotel owner's younger brother came to mediate, the MP's drunken son started a scuffle with him.",<extra_id_0>
"In the meantime, a lot of people gathered there.",इसी बीच वहां और कई लोग आ गए।,"इस बीच, बहुत से लोग वहाँ इकट्ठा हुए ।","In the meantime, a lot of people gathered there.",<extra_id_0>
When an attempt was made to grab the assaulting youth he fired the revolver.,मारपीट कर रहे युवक को पकड़ने की कोशिश की तो उसने रिवाल्वर से फायरिंग कर दी।,"जब युवा पर हमला करने के लिए एक प्रयास किया गया, तो उसने रोंगटे खड़े कर दिए ।",When an attempt was made to grab the assaulting youth he fired the revolver.,<extra_id_0>
The shooting triggered panic in the area.,फायरिंग से इलाके में सनसनी फैल गई।,शूटिंग क्षेत्र में आतंक पैदा हो गया.,The shooting triggered panic in the area.,<extra_id_0>
After this the hotel employees caught him and informed the police.,इस पर होटल कर्मियों ने उसे धर दबोचा और खबर देकर पुलिस को बुला लिया।,इसके बाद होटल के कर्मचारियों ने उसे पकड़ लिया और पुलिस को सूचना दी ।,After this the hotel employees caught him and informed the police.,<extra_id_0>
"The hotel owner, Munna Singh, on reaching the police station filed a report against Anand Pandey, son of MP Gorakhnath Pandey, a resident of Barecha Pahadpur at the Koirana station in the Bhadohi district.",थाने पर पहुंचे होटल मालिक मुन्ना सिंह ने भदोही जिले के कोइराना थाने के बेरवा पहाड़पुर निवासी सांसद गोरखनाथ पांडेय के बेटे आनंद पांडेय के खिलाफ रिपोर्ट दर्ज कर कराई।,"होटल के मालिक, मुआ सिंह ने पुलिस स्टेशन तक पहुँचने के लिए एक रिपोर्ट पेश की ।","The hotel owner, Munna Singh, on reaching the police station filed a report against Anand Pandey, son of MP Gorakhnath Pandey, a resident of Barecha Pahadpur at the Koirana station in the Bhadohi district.",<extra_id_0>
Upon which the police arrested Anand and seized his revolver.,जिस पर पुलिस ने उसे आनंद को गिरफ्तार करते हुए रिवाल्वर जब्त कर ली।,उस पर पुलिस ने आमान को गिरफ्तार कर लिया और अपने पैरों को पकड़ लिया ।,Upon which the police arrested Anand and seized his revolver.,<extra_id_0>
"According to Handiya Inspector Ashok Saraswat, Munna Singh, a resident of Pratapgarh in Khabhor, runs a hotel called Raag Durbar on the National Highway.",हंडिया इंस्पेक्टर अशोक सारस्वत के मुताबिक प्रतापगढ़ के खभोर निवासी मुन्ना सिंह नेशनल हाईवे पर राग दरबार नामक होटल चलाता है।,"इस तरह वे एक होटल में जाते हैं, जिसे नैशनल उच्च - पर्वतों पर राकाग नाम का होटल कहा जाता है ।","According to Handiya Inspector Ashok Saraswat, Munna Singh, a resident of Pratapgarh in Khabhor, runs a hotel called Raag Durbar on the National Highway.",<extra_id_0> -
At around 8pm Anand Pandey arrived at the hotel and ordered food.,रात करीब आठ बजे आनंद पांडेय होटल पहुंचा और खाने का आर्डर दिया।,"करीब 8 साल की उम्र में, वह होटल में पहुँची और खाना खाने का हुक्म दिया ।",At around 8pm Anand Pandey arrived at the hotel and ordered food.,<extra_id_0>
"When the service was delayed, he started shouting abuse, assaulting the staff and shooting.","खाना बनने में देरी हुई तो उसने गाली-गलौज, मारपीट और फायरिंग शुरू कर दी।","जब इस सेवा में देर हो रही थी, तो वह बुरा - भला कहने लगा और उसने लाठी और शूटिंग पर हमला करना शुरू कर दिया ।","When the service was delayed, he started shouting abuse, assaulting the staff and shooting.",<extra_id_0>
Anand was drunk and he also threatened to kill the hotel employees.,आनंद शराब के नशे में था और होटल कर्मियों को जान से मारने की धमकी भी दी।,वह नशे में था और उसने होटल के कर्मचारियों को मारने का भी धमकी दी ।,Anand was drunk and he also threatened to kill the hotel employees.,<extra_id_0>
The inspector said that the Hotel is near Bhiti Village and adjacent to Bhadoi District.,इंस्पेक्टर का कहना है कि होटल भीटी गांव के समीप है और भदोही जिले से सटा हुआ है।,प्रधान मंत्री ने कहा कि होटल बोहीरी गाँव के पास है और पास ही बौई ज़िले के पास है ।,The inspector said that the Hotel is near Bhiti Village and adjacent to Bhadoi District.,<extra_id_0>
Cocaine-addict lawyer who tipped off Mr Big about police investigation is jailed,श्री बिग को पुलिस जांच के बारे में गुप्त सूचना देने वाले कोकेन के आदी वकील को कारावास,"कोऑप्टी वकील जिसने पुलिस जांच के बारे में श्री कोचित किया, जेल में बंद कर दिया गया है",Cocaine-addict lawyer who tipped off Mr Big about police investigation is jailed,<extra_id_0>
"Basharat Ditta, 42, would feed information to crime lord Neil Scarbrough",42 वर्षीय बशरत डिट्टा कुख्यात अपराधी नील स्कारबोरो को सूचना दिया करता था,"बासत दिथ दिमा, 42, अपराधी स्वामी के लिए जानकारी प्रदान करेगा","Basharat Ditta, 42, would feed information to crime lord Neil Scarbrough - The New York Times",<extra_id_0>
The solicitor feared his secret drug addiction would be exposed,अधिवक्ता को लगता था कि उसकी गोपनीय नशीली दवा की लत के बारे में लोगों को पता लग सकता है,इस बात से डर लगता था कि उसकी गुप्त नशीली दवाओं की लत की वजह से उसकी जान जा सकती है,The solicitor feared his secret drug addiction would be exposed,<extra_id_0>
Was given a three-year prison sentence at Liverpool Crown Court,उसे लिवरपूल क्राउन कोर्ट ने तीन वर्ष जेल की सजा दी थी,तीन साल की जेल की सज़ा दी गयी ।,Was given a three-year prison sentence at Liverpool Crown Court,<extra_id_0> sentence
"A top defence lawyer who told a drugs Mr Big about a major police investigation, because he feared his secret drug addiction would be exposed, has been jailed for three years.","बचाव पक्ष के शीर्ष वकील को, जिसने श्री बिग को मुख्य पुलिस जांच के बारे में बताया, क्योंकि उसे डर था उसकी नशीली दवा की उसकी गुप्त लत के बारे में लोगों को पता चल जाएगा, तीन वर्ष का कारावास हुआ है।","एक उच्च रक्षा वकील ने, जिसने एक बड़े पुलिस जाँच के बारे में श्री बिग को बताया, क्योंकि वह अपने गुप्त नशीले पदार्थों की लत से डरता था, तीन साल से जेल में डाला गया है ।","A top defence lawyer who told a drugs Mr Big about a major police investigation, because he feared his secret drug addiction would be exposed",<extra_id_0> -
"Basharat Ditta, 42, would feed sensitive intelligence to crime lord Neil Scarbrough about inquiries into his drug trafficking activities after he became compromised by his cocaine habit.","42 वर्षीय बराशत डिट्टा अपनी कोकेन की लत के चलते समझौता करने के पश्चात, कुख्यात अपराधी नील स्कारबोरो को उसकी नशीली दवा तस्करी क्रियाकलापों की जांच के बारे में संवेदनशील गोपनीय सूचनाएं प्रदान करता था।","बास्ट डायट डायक्लो, ४२,००० अपराध के लिए संवेदनशील विवेक अपने नशीले पदार्थों की लत से समझौता किए जाने के बाद अपने नशीले पदार्थ के कार्यों में विवाद करने के बारे में सोच - विचार करेंगे ।","Basharat Ditta, 42, would feed sensitive intelligence to crime lord Neil Scarbrough about inquiries into his drug trafficking activities after he became compromised by his cocaine habit.",<extra_id_0>
"The solicitor, who was nicknamed ""Bash"" and hailed by criminals as a ""top brief,"" was arrested at his home in 2011 following a police surveillance operation into Scarborough, who he had represented in a previous narcotics trial.","इस अधिवक्ता को, जिसे ""बैश"" का उपनाम दिया गया था, तथा जिसकी अपराधियों द्वारा ""टॉप ब्रीफ"" के रूप में प्रशंसा की गई थी, स्कारबोरो में पुलिस निगरानी संचालन के पश्चात वर्ष 2011 में उसके घर से गिरफ्तार किया गया था, जिसका उसने पिछले नारकोटिक्स ट्रायल में प्रतिनिधित्व किया था।","Merer, जो कहा जाता था ""बश"" और अपराधियों द्वारा एक ""रच कम"" के रूप में अपराधियों द्वारा पीटा गया था... ... अपने घर में पकड़ लिया गया था 2011 में एक पुलिस निगरानी ऑपरेशन के बाद, जो वह एक पिछले आत्म - हत्या परीक्षण में प्रतिनिधित्व किया गया था.","The solicitor, who was nicknamed ""Bash"" and hailed by criminals as a ""top brief,"" was arrested at his home in 2011 following a police surveillance operation into Scarborough, who he had represented in a previous narcotics trial.",<extra_id_0> in Scarborough
"Officers spotted Sarborough, 32, dropping off three bags of cocaine at the lawyer's home in Blackburn, Lancashire, while he was out at a Law Society dinner with colleagues.","अधिकारियों ने 32 वर्षीय स्कारबोरो को ब्लैकबर्न, लंकाशायर, में वकील के घर में कोकेन के तीन बैग रखते हुए देखा था, जबकि वह अपने सहकर्मियों के साथ लॉ सोसायटी डिनर के लिए बाहर गया हुआ था।","कार्यालयों ने स्बॉर को देखा, 32 कोकीन के घर में वकील के तीन सामान बंद कर दें... ... ब्लैकबर्न, Lakae के घर में, जबकि वह साथ काम करनेवालों के साथ खाना खाने पर बाहर था.","Officers spotted Sarborough, 32, dropping off three bags of cocaine at the lawyer's home in Blackburn, Lancashire, while he was out at a Law Society dinner with colleagues.",<extra_id_0>
"Inquiries revealed Ditta was a ""regular user"" of the Class A drug after tests found traces of cocaine in his hair, on his wallet and on his credit cards.","डिट्टा के बालों, उसके बटुए, तथा उसके क्रेडिट कार्ड में कोकेन के कण मिलने के पश्चात जांच में पता चला कि डिट्टा ए श्रेणी की नशीली दवाओं का ""नियमित उपयोगकर्ता"" था।","इनकीज़ ने प्रकट किया कि डायला वर्ग Asa का एक ""prrips उपयोगकर्ता"" था उसके बालों में कोक के निशान, उसके बटुआ पर और उसके क्रेडिट कार्ड पर।","Inquiries revealed Ditta was a ""regular user"" of the Class A drug after tests found traces of cocaine in his hair, on his wallet and on his credit cards.",<extra_id_0>
Over an eight month period between January and August 2011 he sought to illicitly obtain information on the arrests of two men on behalf of Scarborough as well as one of his associates.,"जनवरी से अगस्त 2011 के बीच आठ महीने की अवधि के दौरान, उसने स्कारबोरो तथा उसके सहयोगी की ओर से दो लोगों की गिरफ्तारी के बारे में अवैध रूप से सूचना प्राप्त करने का प्रयास किया।",जनवरी - मार्च 2011 के महीने में आठ महीने के अंदर ही उसने दो आदमियों को गिरफ्तार करने के बारे में और उसके साथियों के पक्ष में जानकारी हासिल करने की कोशिश की ।,Over an eight month period between January and August 2011 he sought to illicitly obtain information on the arrests of two men on behalf of Scarborough as well as one of his associates.,<extra_id_0>
"All four suspects were being watched by police at the time as part of a major investigation into a heroin and cocaine racket operating across Lancashire, Cumbria, Merseyside, Berkshire and West Yorkshire.","लंकाशायर, कुम्ब्रिया, मर्सेसाइड, बर्कशायर तथा वेस्ट यॉर्कशायर में संचालन कर रहे हीरोईन तथा कोकेन गिरोह की मुख्य जांच के हिस्से के रूप में उस समय पुलिस द्वारा सभी चार संदिग्धों की निगरानी की जा रही थी।",उस समय सभी संदेही पुलिस द्वारा देख रहे थे जब पुलिस को एक बड़े जाँच के एक भाग के रूप में देखा जा रहा था ।,"All four suspects were being watched by police at the time as part of a major investigation into a heroin and cocaine racket operating across Lancashire, Cumbria, Merseyside, Berkshire and West Yorkshire.",<extra_id_0> across the UK
"They and 32 other men were later jailed after police seized heroin and cocaine worth £1.5million along with more than £200,000 in cash during a series of raids.","उसमें 32 अन्य व्यक्ति थे, जिन्हें पुलिस द्वारा कई छापों के दौरान 1.5 मिलियन पाउंड कीमत की हीरोईन और कोकेन, और 200,000 पाउंड से अधिक नकद जब्त किए जाने के पश्चात जेल भेजा गया था।",वे और ३२ अन्य व्यक्‍तियों को बाद में नशीले पदार्थों और कोकीन के योग्य ऋणों को पकड़ लिया गया ।,"They and 32 other men were later jailed after police seized heroin and cocaine worth £1.5million along with more than £200,000 in cash during a series of raids.",<extra_id_0>.
"Ditta, 42, fed information to criminals because of fears his cocaine addiction would be exposed","42 वर्षीय डिट्टा अपराधियों को सूचना प्रदान किया करता था, क्योंकि उसे डर था कि उसकी कोकेन की लत के बारे में लोगों को पता न चल जाए।",बुरी लत के शिकार होने की वजह से 42 लोगों को जानकारी दी जाती थी,"Ditta, 42, fed information to criminals because of fears his cocaine addiction would be exposed",<extra_id_0>
"Today at Liverpool Crown Court Ditta, who works at law firm Forbes Solicitors, based in Blackburn, was facing disgrace after being found guilty of two counts of perverting the course of justice following a three week trial at Liverpool Crown Court.","ब्लैकबनर्ड में स्थिति क़ानून फर्म फ़ोर्ब्स सॉलिसिटर्स में कार्यरत डिट्टा, लिवरपूल क्राउन कोर्ट में तीन सप्ताह तक चले ट्रायल के पश्चात न्याय के मार्ग को बाधित करने के दो मामलों में दोषी पाए जाने के पश्चात आज लिवरपूल क्राउन कोर्ट में अपयश का सामना कर रहा था।","लेकिन, यहोवा के साक्षियों के बारे में क्या कहा जा सकता है, और यह किस बात की ओर ले जा सकता है?","Today at Liverpool Crown Court Ditta, who works at law firm Forbes Solicitors, based in Blackburn, was facing disgrace after being found guilty of two counts of perverting the course of justice.",<extra_id_0>
He admitted cocaine possession at an earlier hearing.,उसने पहले की सुनवाई में कोकेन रखने के बारे में स्वीकार किया था।,उसने कोकीन कोस को पहले एक कान में स्वीकार किया ।,He admitted cocaine possession at an earlier hearing.,<extra_id_0>
The lawyer's downfall came after police investigating Scarborough discovered he had been in regular phone contact with Ditta in February 2011.,वकील का बुरा समय उस समय आरम्भ हो गया जब स्कारबोरो की जांच करते समय पुलिस को पता चला कि वह फरवरी 2011 से डिट्टा के साथ नियमित रूप से फोन पर सम्पर्क में था।,वकील के पतन के बाद पुलिस डरबूला को पता चला कि वह फरवरी 2011 में डायटा के साथ नियमित तौर पर फोन किया गया था।,The lawyer's downfall came after police investigating Scarborough discovered he had been in regular phone contact with Ditta in February 2011.,<extra_id_0>.
Two detectives trailed the suspect and spotted him arriving at Ditta's house in and was seen to place the drugs which had a purity of 60 per cent under the lawyer's bins in a black golf glove.,दो जासूसों ने संदिग्ध का पीछा किया तथा उसे डिट्टा के घर में आते हुए तथा ब्लैक गोल्फ ग्लॉव में वकील की बिन के नीचे 60 प्रतिशत से अधिक शुद्धता वाली नशीली दवा रखते हुए देखा।,दो जासूसों ने संदिग्ध के घर में आकर उसे देखा और देखा कि कानून के तहत 60 प्रतिशत की शुद्धता थी।,Two detectives trailed the suspect and spotted him arriving at Ditta's house in and was seen to place the drugs which had a purity of 60 per cent under the lawyer's bins in a black golf glove.,<extra_id_0>
"Soon after the drop off, Scarborough was in regular phone contact with Ditta who had been out at the dinner at the Blackburn Rovers football stadium, Ewood Park.","नशीली दवा रखे जाने के पश्चात स्कारबोरो डिट्टा के साथ नियमित रूप से फोन पर सम्पर्क में था, जो ब्लैकर्न रोवर्स फुटबॉल स्टेडियम, ईवुड पार्क में डिनर के लिए बाहर गया था।","कुछ ही समय बाद, डरीरो नाम की एक बहन ने, जो ब्लैकबर्न रोक स्टेडियम में खाना खाने के लिए बाहर निकली थी, ईवुड पार्क में, नियमित तौर पर फोन पर फोन पर बात की ।","Soon after the drop off, Scarborough was in regular phone contact with Ditta who had been out at the dinner at the Blackburn Rovers football stadium, Ewood Park.",<extra_id_0>
The lawyer returned home to discover the drugs and there were nine communications between them.,वकील को घर पहुंचने पर पता चला कि वहां नशीली दवा रखी थी तथा उनके बीच में नौ बार संवाद हुआ था।,वकील ने ड्रग्स का पता लगाने के लिए घर लौटा और उन दोनों के बीच नौ चिन्ह थे ।,The lawyer returned home to discover the drugs and there were nine communications between them.,<extra_id_0>
"The court heard Ditta was a ""regular user"" of cocaine after tests found traces of the Class A drug in his hair, wallet and on his credit cards","न्यायालय में सुनवाई हुई कि डिट्टा के बालों, बटुए और क्रेडिट कार्ड्स पर ए श्रेणी की नशीली दवा के सुराग पाए जाने पर परीक्षण में उसे कोकेन का ""नियमित उपयोगकर्ता"" पाय गया था।","अदालत ने सुना कि डायटा कोकीन का एक ""पेरेंट उपयोक्ता"" था, जो जाँच करने के बाद वर्ग A दवा का निशान अपने बालों में, बटुआ और उसके क्रेडिट कार्ड पर मिला","Ditta was a ""regular user"" of cocaine after tests found traces of the Class A drug in his hair, wallet and on his credit cards",<extra_id_0>
"Ditta was arrested later but denied using cocaine and and said he had been speaking to the suspected dealer because he was his client and argued their discussions were subject to ""legal privilege.""","डिट्टा को बाद में गिरफ्तार किया गया, लेकिन उसे कोकेन का उपयोग करने की बात से मना कर दिया तथा कहा कि वह संदिग्ध डीलर से बात कर रहा था, क्योंकि वह उसका क्लाइंट था तथा कहा कि उनकी चर्चा ""विधिक विशेषाधिकार"" का विषय थीं।","डायटा को बाद में गिरफ्तार कर लिया गया लेकिन कोकीन का प्रयोग करने से इनकार कर दिया और कहा कि वह संदेही सौदा का प्रयोग कर रहा था क्योंकि वह अपने ग्राहक था और तर्क करने के लिए उनके चर्चा ""बहुत बड़ा विशेषाधिकार।""","Ditta was arrested later but denied using cocaine and and said he had been speaking to the suspected dealer because he was his client and argued their discussions were subject to ""legal privilege.""",<extra_id_0>.
During his arrest Ditta picked up his wallet and tried to remove several credit cards but they were all seized and a hair sample was taken fom him.,"अपनी गिरफ्तारी के दौरान डिट्टा ने अपना बटुआ निकालकर बहुत से क्रेडिट कार्ड हटाने का प्रयास किया, लेकिन उन्हें जब्त कर लिया गया था, तथा उसके बालों का नमूना लिया गया था।","उसकी गिरफ्तारी के दौरान उसने अपना बटुआ उठाया और अनेक क्रेडिट कार्ड हटाने की कोशिश की, लेकिन सभी को पकड़ लिया गया और एक बाल का नमूना ले लिया गया ।",During his arrest Ditta picked up his wallet and tried to remove several credit cards but they were all seized and a hair sample was taken fom him.,<extra_id_0>
In a police interview he said he ran an office at his home address as well as work place and clients would call at his house on legal business.,"पुलिस साक्षात्कार में उसने कहा कि वह अपने कार्य-स्थल के साथ-साथ अपने घर से भी कार्यालय चलाता था, तथा उसके क्लाइंट विधिक मामलों के लिए उसके घर पर फोन करते थे।","एक पुलिस इंटरव्यू में उसने कहा कि वह अपने घर के पते पर एक ऑफिस में गया है, साथ ही काम करने की जगह और ग्राहक कानूनी कारोबार के लिए अपने घर पर फोन करेंगे ।",In a police interview he said he ran an office at his home address as well as work place and clients would call at his house on legal business.,<extra_id_0>.
"But the court heard he would call major players in the drugs supply chain, some of whom he had previously represented, after key arrests to tell them what detectives knew about them.","गिरफ्तार हुए मुख्य व्यक्तियों द्वारा यह बताने के पश्चात कि जासूस उनके बारे में क्या जानते थे, न्यायालय सुनवाई में कहा गया कि डिट्टा नशीली दवा आपूर्ति शृंखला के प्रमुख लोगों को फोन किया करता था, जिसमें से कुछ लोगों का केस उसने पहले प्रस्तुत किया था।","लेकिन अदालत ने सुना कि वह नशीले पदार्थों की सप्लाई में प्रमुख खिलाड़ियों को फोन करेगा, जिनमें से कुछ को पहले ही सूचित किया गया था, कुंजी गिरफ्तारी के बाद उन्हें बताना कि उनके बारे में क्या पता है ।","But the court heard he would call major players in the drugs supply chain, some of whom he had previously represented, after key arrests to tell them what detectives knew about them.",<extra_id_0>
"Prosecuting, Anne Whyte said: ""If anyone should know not to the break the law, it is a criminal solicitor.""","अभियोजन पक्ष की ओर से एनी व्हाइट ने कहा किः ""आपराधिक अधिवक्ता को कानून नहीं तोड़ने के बारे में सबसे अच्छी तरह पता होना चाहिए।""","ऐन ने कहा, ""जो कोई व्यवस्था को नहीं जानता, वह तो अपराधी है।""","Prosecuting, Anne Whyte said: ""If anyone should know not to the break the law, it is a criminal solicitor.""",<extra_id_0>
"Mr Ditta is accused of abusing his position as a criminal solicitor, having become too involved with specific clients.","श्री डिट्टा पर आपराधिक अधिवक्ता के रूप में अपने पद का दुरुपयोग करने, अपने विशिष्ट क्लाइंट के साथ बहुत अधिक जुड़ने का आरोप है।","श्री डायो पर एक अपराधी के तौर से अपने पद का दुरुपयोग करने का आरोप लगाया जाता है, और वह भी विशिष्ट ग्राहकों के साथ शामिल हो जाता है ।","Mr Ditta is accused of abusing his position as a criminal solicitor, having become too involved with specific clients.",<extra_id_0>
"The relationship we are talking about is not simply a drug dealer, but a drug dealer providing his own lawyer with drugs.","हम सामान्य नशीली दवा डीलर के सम्बन्ध के बारे में नहीं, बल्कि ऐसे डीलर के बारे में बात नहीं कर रहे हैं जो अपने वकील को नशीली दवा प्रदान कर रहा है।","हम जिस रिश्‍ते के बारे में बात कर रहे हैं, वह सिर्फ दवा विक्रेता नहीं है, बल्कि एक नशीले पदार्थों के साथ अपने वकील को प्रदान करता है ।",The relationship we are talking about is not simply a drug dealer.,<extra_id_0>.
Some of his communications will undoubtedly have been legitimate ones because he was their lawyer.,"उनकी कुछ बातचीत निश्चित रूप से बिना किसी संदेह के विधिक रही होंगी, क्योंकि वह वकील था।",उसके कुछ संदेशों में से यक़ीनन वैध रहे होंगे क्योंकि वह उनका वकील था ।,Some of his communications will undoubtedly have been legitimate ones because he was their lawyer.,<extra_id_0>
But this went way beyond the ordinary confines of a lawyer-client relationship.,लेकिन वह वकील-क्लाइंट सम्बन्ध की अपनी सीमा से कहीं आगे निकल गया।,लेकिन यह एक वकील-ह्वा संबंध के साधारण कवर के पार चला गया.,But this went way beyond the ordinary confines of a lawyer-client relationship.,<extra_id_0>
He thwarted the police's investigation as much as possible to enable them to continue in their criminal activities.,"उसने जितना संभव था, पुलिस की जांच को बाधित किया ताकि वे अपनी आपराधिक गतिविधियों को जारी रखने में सक्षम बने रहें।",उन्होंने पुलिस की जांच को रद्द कर दिया... ... जितना संभव हो उन्हें अपने अपराध के कार्यों में जारी रखने के लिए.,They thwarted the investigation as much as possible to enable them to continue in their criminal activities.,<extra_id_0>
"Mr Ditta was not honouring his profession, but dishonouring it.","श्री डिट्टा अपने पेशे का सम्मान नहीं, बल्कि अपमान कर रहे थे।","श्री डायला अपने पेशे का आदर नहीं कर रही थी, लेकिन उसका अपमान कर रही थी ।","Mr Ditta was not honouring his profession, but dishonouring it.",<extra_id_0>
"He got too close to certain clients, in particular Scarborough, and he allowed his independence to be compromised.","उसने कुछ निश्चित क्लाइंट से बहुत अधिक नजदीकियां बना लीं, खास तौर पर स्कारबोरो से, तथा उसने अपनी स्वतंत्रता से समझौते की अनुमति दी।","वह कुछ क्लाएंटों के पास भी गया, खास खतरे में, और उसने अपनी स्वतंत्रता को समझौता करने की अनुमति दी ।","He got too close to certain clients, in particular Scarborough, and he allowed his independence to be compromised.",<extra_id_0>
"Ditta denied wrongdoing and claimed: ""If I was a corrupt lawyer, which I am not, and I wanted to feed information to Mr Scarborough, I would not wait 15 hours, I would do it immediately.""","डिट्टा ने किसी भी गलत कार्य से इनकार किया तथा दावा किया किः ""यदि मैं भ्रष्ट वकील होता, जो मैं नहीं हूँ, तथा यदि मैं श्री स्कारबोरो को सूचना प्रदान करना चाहता तो मैं 15 घंटों तक प्रतीक्षा नहीं करता, बल्कि मैं तुरन्त यह काम करता।","डायोट ने ग़लतियों को ठुकराया और दावा किया: ""यदि मैं एक भ्रष्ट वकील था, जो मैं नहीं हूँ, और मैं श्री ब्लॉफ के लिए जानकारी खाना चाहता था, तो मैं 15 घंटे इंतजार नहीं करता, मैं तुरंत यह करना होगा. ""","Ditta said: ""If I was a corrupt lawyer, which I am not, and I wanted to feed information to Mr Scarborough, I would not wait 15 hours, I would do it immediately.""",<extra_id_0> to Hindi
"But after the hearing Supt Lee Halstead from Lancashire Police said: ""Mr Ditta turned from criminal solicitor to a criminal himself the moment he started obtaining drugs from organised criminals.""","लेकिन सुनवाई के पश्चात लंकाशायर पुलिस के सुपरिन्टेन्डेन्ट ली हैलस्टेड ने कहा किः ""श्री डिट्टा ने जिस समय संगठित अपराधियों से नशीली दवा प्राप्त करना शुरू किया, उसी समय उन्होंने खुद को आपराधिक अधिवक्ता से अपराधी में परिवर्तित कर लिया।""","लेकिन Lanaks Clay Lakia के पुलिस से ली हॉली के सुनने के बाद कहा: ""मिरमा से एक अपराधी के लिए पलटा लिया पल वह अपराधियों से दवाओं प्राप्त करना शुरू कर दिया.","But after the hearing Supt Lee Halstead from Lancashire Police said: ""Mr Ditta turned from criminal solicitor to a criminal himself the moment he started obtaining drugs from organised criminals.""",<extra_id_0>
His addiction to cocaine left him hopelessly compromised and vulnerable to the motives of leading members of organised crime groups who tasked him to obtain valuable information regarding police investigations.,"अपनी कोकेन की लत कारण उन्होंने अत्यधिक समझौता कर लिया तथा संगठित अपराध समूहों के अग्रणी सदस्यों के उद्देश्यों के प्रति बहुत अधिक कमजोर हो गए, जिन्होंने उसका उपयोग पुलिस जांच से सम्बन्धित महत्वपूर्ण सूचना प्राप्त करने के लिए किया।",उसे पुलिस जाँचों के बारे में मूल्यवान जानकारी प्राप्त करने के लिए नियुक्‍त किया गया ।,His addiction to cocaine left him hopelessly compromised and vulnerable to the motives of leading members of organised crime groups who tasked him to obtain valuable information regarding police investigations.,<extra_id_0>.
Solicitors should uphold the highest standards of integrity and should instil trust and confidence in the public.,"अधिवक्ताओं को सत्यनिष्ठा का उच्चतम मानक बनाए रखना चाहिए, तथा लोगों में विश्वास और आत्मविश्वास भरना चाहिए।","इसलिए यह बेहद ज़रूरी है कि जो लोग खराई के ऊँचे स्तरों पर चलते हैं, उन्हें सबके सामने भरोसा और विश्‍वास रखना चाहिए ।",Solicitors should uphold the highest standards of integrity and should instil trust and confidence in the public.,<extra_id_0>
Mr Ditta has betrayed this trust and attempted to hide behind the veneer of his profession.,श्री डिट्टा ने इस विश्वास के साथ धोखा किया है तथा अपने पेशे आड़ में बचने का प्रयास किया है।,श्री डायला ने इस भरोसे को धोखा दिया है और अपने पेशे के पीछे छिपाने की कोशिश की है.,Mr Ditta has betrayed this trust and attempted to hide behind the veneer of his profession.,<extra_id_0>
"Lancashire's Serious and Organised Crime Unit led the investigation into Mr Ditta which has also seen him convicted of three counts of possession of cocaine and now perverting the course of justice, demonstrating our commitment to bringing criminals to justice.","लंकाशायर की गंभीर तथा संगठित अपराध इकाई ने श्री डिट्टा की जांच की, जिसमें उन्हें कोकेन रखने तथा अब न्याय के मार्ग को बाधित करने की तीन घटनाओं का दोषी भी पाया गया, जो अपराधियों को न्यायालय में लाने के प्रति हमारी प्रतिबद्धता को प्रदर्शित करता है।","Lanne के गंभीर और संघीय अपराध इकाई श्री डायो के लिए जाँच किया गया है जो उसे भी कोकीन के तीन मूल्य के आरोपों के आरोप में और अब न्याय के मार्ग को विकृत करते हुए, साबित करते हैं कि अपराधियों को न्याय करने के लिए हमारे संकल्प को देखते हैं.","Lancashire's Serious and Organised Crime Unit led the investigation into Mr Ditta which has also seen him convicted of three counts of possession of cocaine and now perverting the course of justice, demonstrating our commitment to bringing criminals to justice.",<extra_id_0>
Let this case serve as a warning to criminals that no one is beyond the reach of the law.,इस मामले को अपराधियों के लिए चेतावनी का काम करना चाहिए कि कोई भी व्यक्ति कानून की पहुंच से दूर नहीं है।,यह मामला अपराधियों के लिए एक चेतावनी के रूप में काम करता है कि कोई भी व्यवस्था की पहुँच से बाहर नहीं है ।,Let this case serve as a warning to criminals that no one is beyond the reach of the law.,<extra_id_0>.
We will find you and put you before the courts.,हम आपको खोज निकालेंगे तथा न्यायालय के समक्ष प्रस्तुत करेंगे।,हम आपको मिल जाएगा और अदालत के सामने डाल देंगे.,We will find you and put you before the courts.,<extra_id_0>
"Scarborough himself was jailed for 14 years after pleading guilty to conspiracy to supply heroin, cocaine and cannabis.","स्कारबोरो को हीरोईन, कोकेन तथा भांग की आपूर्ति करने के लिए षड्यंत्र करने का दोषी पाए जाने के पश्चात 14 वर्ष का कारावास दिया गया।",अपने आपको डर के मारे 14 साल तक जेल में डाल दिया गया ।,"Scarborough was jailed for 14 years after pleading guilty to conspiracy to supply heroin, cocaine and cannabis.",<extra_id_0> to
Thirty five other men involved in the racket were jailed for a total of 153 years for drugs offences.,गिरोह में शामिल पैंतीस अन्य सदस्यों को नशीली दवा अपराधों के लिए कुल 153 वर्ष के लिए कारावास भेजा दिया गया।,इन्हें कुल मिलाकर १५३ साल तक नशीले पदार्थों के अपराधों के लिए जेल में डाला गया ।,Thirty five other men involved in the racket were jailed for a total of 153 years for drugs offences.,<extra_id_0>
"On his website Ditta gave a question and answer session about himself in which he says his fantasy job would be a lawyer representing clients on Death Row in America, his ultimate dinner guest as being Mohammed Ali and inequality as his motivation for work.","अपनी वेबसाइट पर डिट्टा ने अपने बारे में प्रश्न और उत्तर सत्र दिया, जिसमें उसने कहा कि उसकी फैन्टैसी जॉब होगी अमेरिका में मृत्यु दंड वाले क्लाइंट के लिए वकील बनना, मोहम्मद अली का उनका डिनर मेहमान होना तथा असमानता उनके कार्य के लिए प्रेरणा होना।","उसकी वेबसाइट डायला ने अपने बारे में एक सवाल और उत्तर सत्र दिया जिसमें वह अपनी कल्पना नौकरी के बारे में कहता है कि अमेरिका में मौत की पंक्ति पर ग्राहकों का प्रतिनिधित्व करता है, अपने अंतिम भोजन मेहमान के रूप में काम करने की प्रेरणा के रूप में","On his website Ditta gave a question and answer session about himself in which he says his fantasy job would be a lawyer representing clients on Death Row in America, his ultimate dinner guest as being Mohammed Ali and inequality as his motivation for work.",<extra_id_0> in Hindi
Kenyan press outraged at controversial media law,विवादित मीडिया कानून पर केन्या का प्रेस आक्रोशित,केन्याई प्रेस ने विवादपूर्ण मीडिया व्यवस्था पर कलंक लगाया,Kenyan press outraged at controversial media law,<extra_id_0>
"""It is a frightening place, and it is valid to ask: what is there to prevent Parliament from simply sweeping away the independence of the judiciary tomorrow?"" the paper said, challenging the bill as unconstitutional.","समाचार पत्र ने विधेयक को असंवैधानिक के रूप में चुनौती देते हुए कहा कि ""यह भयावह स्थान है, तथा यह पूछना वैध है किः आने वाले कल में संसद द्वारा न्यायपालिका की स्वतंत्रता छीनने से रोकने के लिए क्या है?""","""यह एक डरावना जगह है, और यह पूछना वैध है: क्या है सिर्फ बड़े पैमाने पर सरकार की स्वतंत्रता को रोकने के लिए क्या है?"" कागज ने कहा, ""एक अजीब बात यह है कि कानून के रूप में बिल चुनौती दिया।","""It is a frightening place, and it is valid to ask: what is there to prevent Parliament from simply sweeping away the independence of the judiciary tomorrow?"" the paper said, challenging the bill as unconstitutional.",<extra_id_0>.
"""This law is draconian and very punitive and we reject it,"" said Cyrus Kamau, managing director for Capital Group - home to CapitalFM, one of Kenya's most respected independent radio stations and news websites.","कैपिटल ग्रुप - जो केन्या के सबसे प्रतिष्ठित स्वतंत्र रेडियो स्टेशन तथा समाचार वेबसाइट कैपिटलएफएम. की संचालक कम्पनी है, के प्रबन्ध निदेशक साइरस कमाऊ ने कहा कि ""यह कानून क्रूर तथा बहुत ही दंडात्मक है, तथा हम इसे अस्वीकार करते हैं।""","""इस कानून को निकाल दिया गया है और बहुत ही phomu और हम इसे अस्वीकार करते हैं,"" कुस्रू Kmuu ने कहा, राजधानी समूह के लिए निदेशक, की तुलना में से एक केन्या के सबसे प्रसिद्ध रेडियो स्टेशनों और समाचार वेबसाइटों में से एक।","""This law is draconian and very punitive and we reject it,"" said Cyrus Kamau, managing director for Capital Group - home to CapitalFM, one of Kenya's most respected independent radio stations and news websites.",<extra_id_0>.
"He said the new media tribunal ""will always be biased because it's an extension of the government,"" and that restrictions on content and advertising would damage Kenya's place in the global economy.","उन्होंने कहा कि नया मीडिया न्यायाधिकरण ""हमेशा पक्षपातपूर्ण रहेगा, क्योंकि यह सरकार का ही अंग है"" तथा कहा कि विषय-वस्तु और विज्ञापन पर प्रतिबन्ध लगाया जाना, वैश्विक अर्थव्यवस्था में केन्या के स्थान को नुकसान पहुंचाएगा।","उन्होंने कहा कि नए मीडिया ""हमेशा अत्याचार किया जाएगा क्योंकि यह सरकार का एक विस्तार है,"" और सामग्री पर प्रतिबंधों और विज्ञापन दुनिया भर की अर्थव्यवस्था में केन्या की जगह को नुकसान होगा।","He said the new media tribunal ""will always be biased because it's an extension of the government,"" and that restrictions on content and advertising would damage Kenya's place in the global economy.",<extra_id_0> of content and advertising
"""I hope the president will listen to us, and we appeal to him to reject this bill and return it to the MPs,"" he said.","उन्होंने कहा कि ""मैं उम्मीद करता हूँ कि राष्ट्रपति हमारी बात सुनेंगे, तथा हम उनसे अपील करते हैं कि वे इस विधेयक को अस्वीकृत करके एम.पी. लोगों को वापस भेज दें।""","""मुझे आशा है कि राष्ट्रपति हमारी सुनेंगे, और हम उसे इस बिल को अस्वीकार करने के लिए अनुरोध करते हैं और MPs के लिए इसे लौटा देते हैं,"" उन्होंने कहा.","""I hope the president will listen to us, and we appeal to him to reject this bill and return it to the MPs,"" he said.",<extra_id_0> to
"According to The Star newspaper, the new bill will effectively hand the government ""a stranglehold over the media,"" while The Standard said democracy and free speech in Kenya had been ""dealt a major blow"" and lambasted the bill as ""draconian.""","दि स्टार समाचार-पत्र के अनुसार, नया विधेयक सरकार को ""मीडिया पर सख्त नियंत्रण"" प्रदान करेगा, जबकि दि स्टैन्डर्ड ने कहा कि केन्या में लोकतंत्र तथा बोलने की स्वतंत्रता ""को तगड़ा झटका लगा"" है तथा इस विधेयक को क्रूर बताया है।","स्टार समाचार पत्र के अनुसार, नए बिल ने सरकार को प्रभावशाली रूप से "" मीडिया के ऊपर डाल दिया है,"" जबकि केन्या में मानक ने कहा कि लोकतंत्र और मुफ्त बोली ""एक प्रमुख झटका"" था और मेम्ने ने कहा कि ""अकालियन"" के रूप में.","According to The Star newspaper, the new bill will effectively hand the government ""a stranglehold over the media,"" while The Standard said democracy and free speech in Kenya had been ""dealt a major blow"" and lambasted the bill as ""draconian.""",<extra_id_0> -
The passing of the bill comes amid a string of measures to reinforce national security in the wake of the September's attack by Islamist gunmen on the Westgate shopping mall.,"इस विधेयक को, सितम्बर में वेस्टगेट शॉपिंग मॉल में इस्लामी बंदूकधारी द्वारा हमला करने के पश्चात राष्ट्रीय सुरक्षा को मजबूत बनाने के उपायों में से के रूप में पारित किया जा रहा है।","बिल के पास एक स्ट्रिंग है जिसमें सितंबर के हमले के बाद, इस्लामी लोगों ने पश्‍चिमी बाज़ार पर राष्ट्रीय सुरक्षा को मज़बूत करने के लिए कदम उठाए हैं ।",The passing of the bill comes amid a string of measures to reinforce national security in the wake of the September's attack by Islamist gunmen on the Westgate shopping mall.,<extra_id_0> of
Kenya media drew the ire of authorities by broadcasting security camera footage of troops who were dispatched to the scene of the attack purportedly robbing the upmarket mall.,"केन्या की मीडिया ने हमले वाली जगह पर भेजे गए दस्तों के सिक्योरिटी कैमरा फुटेज का प्रसारण कर दिया था, जिसमें उन्हें मॉल को सोउद्देश्य रूप से लूटते हुए दिखाया था, जिसके कारण अधिकारीगण केन्या के मीडिया से नाराज हो गए थे।","केन्या के मीडिया ने सैनिकों के सुरक्षा कैमरा फुट तक पहुँचाने के द्वारा अधिकारियों को आकर्षित किया, जो उस हमले के दृश्‍य में भेजे गए थे ।",Kenya media drew the ire of authorities by broadcasting security camera footage of troops who were dispatched to the scene of the attack purportedly robbing the upmarket mall.,<extra_id_0>
"Police chief David Kimaiyo reacted by summoning two journalists and a media executive for questioning, although the summons was retracted following a media outcry.","पुलिस प्रमुख डेविड किमायो ने दो पत्रकारों और मीडियाकर्मी को पूछताछ के लिए समन भेजा था, यद्यपि मीडिया द्वारा हंगामा करने के पश्चात इस समन को वापस ले लिया गया था।","पुलिस प्रमुख डेविड किथयो ने दो पत्रकारों और सवाल के लिए एक मीडिया अधिकारी को बुलाने के द्वारा प्रतिक्रिया दिखायी, हालाँकि यह पुकार एक मीडिया की पुकार को बदल रही थी ।","Police chief David Kimaiyo reacted by summoning two journalists and a media executive for questioning, although the summons was retracted following a media outcry.",<extra_id_0> -
"Under the new bill, media houses can be fined up to 20 million Kenyan shillings and individual journalists up to one million with the additional risk of being ""de-listed,"" or barred from receiving official press accreditation.","नए विधेयक के अन्तर्गत मीडिया कम्पनियों पर 2 करोड़ केन्याई शिलिंग तथा अलग-अलग पत्रकारों को दस लाख केन्याई शिलिंग पर जुर्माना किया जा सकता है तथा, उसके अतिरिक्त ""सूची से हटाए जाने"" अथवा आधिकारिक प्रेस मान्यता न दिए जाने का अतिरिक्त जोखिम अलग रहेगा।","नए बिल के तहत, मीडिया घरों को 20 लाख तक ठीक कर दिया जा सकता है केन्या के शोच और व्यक्तिगत पत्रकारों के लिए एक लाख डॉलर के साथ एक लाख तक कि ""द-विस्त किया गया,"" या सरकारी प्रेस को प्राप्त करने से रोका जा सकता है.","Under the new bill, media houses can be fined up to 20 million Kenyan shillings and individual journalists up to one million with the additional risk of being ""de-listed,"" or barred from receiving official press accreditation.",<extra_id_0>.
The tribunal also has the power to seize the property of an offender if a fine is not paid.,दंड का भुगतान न किए जाने पर न्यायाधिकरण के पास उल्लंघनकर्ता की सम्पत्ति जब्त करने का अधिकार भी है।,"अगर किसी को कोई अच्छी चीज़ नहीं दी जाती, तो वह किसी अपराधी की संपत्ति को भी पकड़ सकता है ।",The tribunal has the power to seize the property of an offender if a fine is not paid.,<extra_id_0>
"According to the Daily Nation, ""even one fine is enough to cripple most FM stations.""","डेली नेशन के अनुसार ""अधिकांश एफ.एम. स्टेशनों की नींव हिलाने के लिए एक अर्थदंड ही पर्याप्त है।""","दैनिक राष्ट्र के अनुसार, ""एक भी अच्छा भी है अधिक FM स्टेशनों को रोकने के लिए.""","According to the Daily Nation, ""even one fine is enough to cripple most FM stations.""",<extra_id_0>
"It also said the measures could have a devastating effect on what it described as Kenya's ""lively blogosphere.""","इसने यह भी कहा कि इन उपायों के कारण उस परविनाशकारी प्रभाव हो सकते हैं जिसक केन्या के ""जीवंत ब्लॉगोस्फेयर"" के रूप में वर्णन किया जाता है।","यह भी कहना है कि इस समस्या का एक विध्वंसकारी प्रभाव केन्या के ""पारिभाषिक"" के रूप में वर्णित किया जा सकता है।","It also said the measures could have a devastating effect on what it described as Kenya's ""lively blogosphere.""",<extra_id_0>
"By silencing the media, politicians know they can do whatever they like with impunity.",मीडिया का मुह बंद करने के द्वारा राजनेता जानते हैं कि वे अपनी मनमानी कर सकते हैं।,"मीडिया का विरोध करने के द्वारा, राजनीतिज्ञ जानते हैं कि वे जो कुछ भी कर सकते हैं वह दण्ड के साथ किया जा सकता है.","By silencing the media, politicians know they can do whatever they like with impunity.",<extra_id_0>
"""No one will ever know,"" wrote Nation journalist Mutuma Mathiu, describing the Kenyan media as a key source of checks and balances in public life.","नेशन के पत्रकार मुटुमा मैथ्यू केन्याई मीडिया का सार्वजनिक जीवन में नियंत्रण और संतुलन के प्रमुख स्रोत के रूप में वर्णन करते हुए लिखते हैं ""किसी को कभी पता भी नहीं चलेगा।""","""कोई भी कभी पता नहीं होगा,"" एक राष्ट्र पत्रकार MATCATAu ने लिखा, जो केन्याई मीडिया का वर्णन सार्वजनिक जीवन में जांच और संतुलन के एक प्रमुख स्रोत के रूप में करता है।","""No one will ever know,"" wrote Nation journalist Mutuma Mathiu, describing the Kenyan media as a key source of checks and balances in public life.",<extra_id_0>
"""Left to themselves, politicians would bankrupt the country and take us back to hunting and gathering,"" he wrote.","उन्होंने लिखा ""राजनेताओं पर छोड़ दिए जाने पर वे देश को दिवालिया करके हमें वापस शिकार और जमा वाले युग में पहुंचा देंगे।""","""अपने आप को छोड़, नेताओं देश खराब होगा और हमें शिकार करने और इकट्ठा करने के लिए वापस ले जाएगा,"" उन्होंने लिखा.","""Left to themselves, politicians would bankrupt the country and take us back to hunting and gathering,"" he wrote.",<extra_id_0>.
Kenyan lawmakers have been the target of public anger in the past.,अतीत में केन्याई विधिनिर्माताओं को लोगों के गुस्से का सामना करना पड़ा है।,केन्या के कानून बनानेवालों को पुराने ज़माने में लोगों पर गुस्सा होने का निशाना बनाया गया है ।,Kenyan lawmakers have been the target of public anger in the past.,<extra_id_0>
"In May they voted to overturn cuts ordered by the national salaries commission and reinstate their hefty salaries of around 532,000 shillings a month tax-free - ranked among the highest in the world.","मई में उन्होंने राष्ट्रीय वेतन आयोग द्वारा आदेशित कटौतियों को अस्वीकार करने के पक्ष में मत दिया था, तथा लगभग 532,000 शिलिंग प्रतिमाह, कर मुक्त तगड़े वेतन को बहाल किया था, जिसे दुनिया उच्चतम में से माना जाता है।",मई में वे सरकार के आदेशों द्वारा आदेश भंग करने के लिए वोट दिया... / मैं ... और अपने Hegigigigigigigigigigigigigigigigigio के माध्यम से दुनिया के सबसे ऊंचे के बीच एक महीने में एक महीने के लिए कर - सीमा.,"In May they voted to overturn cuts ordered by the national salaries commission and reinstate their hefty salaries of around 532,000 shillings a month tax-free - ranked among the highest in the world.",<extra_id_0>.
"Although Nita Ambani, the wife of the world's richest Indian, Mukesh Ambani, celebrates her birthday on November 1st, as the clocks struck twelve on the night of October 30th, the whole of Jaipur began to celebrate Nita Ambani's birthday.","दुनिया के सबसे अमीर भारतीय मुकेश अंबानी की पत्नी का बर्थ डे यूं तो एक नवंबर को है, लेकिन जैसे ही 30 अक्टूबर की रात घड़ियों ने बारह बजा, पूरा जोधपुर नीता अंबानी के बर्थडे से गूंजने लगा।","हालांकि नताता Abarthi, दुनिया के अमीर भारतीय की पत्नी, Mkkh Akyli, नवंबर 1 पर उसके जन्मदिन का जश्न मनाते हैं, के रूप में अक्टूबर 30 बजे की रात को मारा था, उद्देश्य का पूरा नीता के जन्मदिन मनाने के लिए शुरू हो गया.","When the clocks struck twelve on the night of October 30th, the whole of Jaipur began to celebrate Nita Ambani's birthday.",<extra_id_0> of Jaipur
"Prior to that, the mood of the occasion had already been set by A.R. Rahman and his group's performance.",इससे पहले जश्न का माहौल पूरी तरह एआर रहमान की टीम की परफॉर्मेंस से बन चुका था।,"उस से पहले, अवसर का मूड पहले से ही A.R. रहमान और उसके समूह के प्रदर्शन द्वारा स्थापित किया गया था।",A.R. Rahman and his group's performance.,<extra_id_0>
A.R. Rahman sang his signature songs in the musical evening that started at 8 p.m.,रात 8 बजे शुरू हुए इस म्यूजिकल नाइट में रहमान अपने सिग्नेचर सांग्स की प्रस्तुति दी।,"8 पेज पर शुरू की शाम, खुदा ने अपने हस्ताक्षर गीत गाए ।",A.R. Rahman sang his signature songs in the musical evening that started at 8 p.m.,<extra_id_0>
Priyanka Chopra was on stage to add colour with her dances.,डांस के खूबसूरत रंग घोलेंने के लिए प्रियंका चोपड़ा मंच पर थीं।,प्रियाका काउरा अपने नृत्यों के साथ रंग जोड़ने के लिए मंच पर थी.,Priyanka Chopra was on stage to add colour with her dances.,<extra_id_0>
Guests arrived in around 32 chartered aircraft to attend Nita Ambani's birthday party.,नीता अंबानी के बर्थ डे में शामिल होने वाले मेहमानों के लिए करीब 32 चार्टर जोधपुर पहुंचे।,मेहमान 32 के आस - पास के हवाई जहाज़ में आए जो नताताई के जन्मदिन की पार्टी में हाज़िर हुआ था ।,Guests arrived in around 32 chartered aircraft to attend Nita Ambani's birthday party.,<extra_id_0>
"As space at Jodhpur Airport was inadequate, the chartered planes landed at Jaipur, Delhi, Udaipur and Jodhpur.","जोधपुर एयरपोर्ट पर पार्किंग की स्पेस कम होने की वजह से चार्टर जयपुर, दिल्ली, उदयपुर और जोधपुर में पार्क किया गया।","जब योएवर हवाई अड्डे पर जगह असमर्थ थी, तो अभियोजक विमानों ने दिल्ली, दिल्ली, यूडीएव और योधधे पर हमला किया ।","As space at Jodhpur Airport was inadequate, the chartered planes landed at Jaipur, Delhi, Udaipur and Jodhpur.",<extra_id_0> in
"same way 135 luxury cars were also used, including BMWs and Jaguars.",इसी तरह 135 लक्जरी कारें जिनमें बीएमडब्ल्यू और जुगआर मंगवाई गई।,"इसी तरह 135 लोगों की गाड़ियों का भी इस्तेमाल किया जाता था, जिनमें BMWW और Jugars भी शामिल थे ।","same way 135 luxury cars were used, including BMWs and Jaguars.",<extra_id_0>
Sood said that the city's sanitation system and street lights had totally broken down.,"सूद ने कहा कि शहर में सफाई व्यवस्था, स्ट्रीट लाइट बिल्कुल फेल हो चुकी है।",इसलिए नूडल ने कहा कि शहर की साफ व्यवस्था और सड़कों की रोशनी पूरी तरह से टूट गई थी।,Sood said that the city's sanitation system and street lights had totally broken down.,<extra_id_0>
No steps were being taken by the municipal corporation and HUDA to run Panchkula city centre.,पंचकूला के सिटी सेंटर को चलाने के लिए नगर निगम एवं हुडा द्वारा कोई कदम नहीं उठाया जा रहा है।,प्रशासनिक निगम द्वारा कोई क़दम नहीं उठाया जा रहा था और HUDDS को पैनेला शहर केंद्र चलाने के लिए।,No steps were being taken by the municipal corporation and HUDA to run Panchkula city centre.,<extra_id_0>
He demanded the complete abolition of house tax in Panchkula.,उन्होंने पंचकूला से गृहकर पूरी तरह समाप्त करने की माग की है।,उसने पैनीला में कर के तौर पर घर का पूरा इंतज़ाम करने की माँग की ।,He demanded the complete abolition of house tax in Panchkula.,<extra_id_0>
"On Friday, while addressing a press conference here, V.K. Sood said that, after the municipal corporation elections the city got a new councillor and mayor, but they do not have the powers necessary to get the work done.","यहां शुक्रवार को एक प्रेस कांफ्रेंस को संबोधित करते हुए वीके सूद ने कहा कि नगर निगम चुनावों के बाद शहर को नए पार्षद एवं मेयर तो मिल गई हैं, लेकिन इनके पास काम करवाने की शक्तिया ही नहीं है।","शुक्रवार को, यहाँ प्रेस सम्मेलन को संबोधित करते समय, वी.","On Friday, while addressing a press conference here, V.K. Sood said that, after the municipal corporation elections the city got a new councillor and mayor, but they do not have the powers necessary to get the work done.",<extra_id_0> elections
So the city councillors have become dummies and officers are doing as they pleased.,इसके चलते शहर के पार्षद एक डम्मी बन गए है और अधिकारी अपने हिसाब से ही काम कर रहे है।,इसलिए शहर के परिषद्‌ और अधिकारियों की इच्छा के अनुसार काम कर रहे हैं।,So the city councillors have become dummies and officers are doing as they pleased.,<extra_id_0>.
"Sood said that the municipal corporation has crores of rupees at its disposal, but all the money is in the form of Bank FDs and interest is being earned on it.","सूद ने कहा कि नगर निगम के पास करोड़ों रुपये पड़े है, लेकिन सारा पैसा बैंकों में एफडी के रूप में जमा करवाकर ब्याज वसूला जा रहा है।","सोडो ने कहा कि प्रशासनिक निगम में पैसा जमा करने के लिए पैसा होता है, लेकिन सभी पैसा बैंक FDs के रूप में और दिलचस्पी उसी पर कमाया जा रहा है ।","Sood said that the municipal corporation has crores of rupees at its disposal, but all the money is in the form of Bank FDs and interest is being earned on it.",<extra_id_0>
So no steps are being taken to use that money for the development of the city.,परतु पैसा शहर के विकास पर लगाने के लिए कोई कदम नहीं उठाया जा रहा।,इसलिए शहर के विकास के लिए उस पैसे का इस्तेमाल करने के लिए कोई कदम नहीं उठाया जा सकता ।,So no steps are being taken to use that money for the development of the city.,<extra_id_0>
V.K. Sood said the refuse dump issue is the most serious problem.,वीके सूद ने कहा कि डपिंग ग्राउंड की समस्या सबसे गंभीर है।,V.K. तो नू ने इनकार करने के मुद्दे को कहा सबसे गंभीर समस्या है.,V.K. Sood said the refuse dump issue is the most serious problem.,<extra_id_0>
"By creating a dump in Sector 23, people living in sectors beyond Ghaggar are forced to live a hellish life.",सेक्टर 23 में डपिंग ग्राउंड बनाने के कारण घग्गर पार सेक्टरों में रहने वाले लोग पिछले कई वर्षाें से नारकीय जिंदगी जीने को मजबूर हैं।,सेक्टर २३ में एक डंप बनाने के द्वारा... / मैं ... गायबों से परे क्षेत्र में रहने वाले लोगों को मजबूर कर दिया जाता है... ... एक अमर जीवन जीने के लिए मजबूर कर दिया जाता है.,"By creating a dump in Sector 23, people living in sectors beyond Ghaggar are forced to live a hellish life.",<extra_id_0>
"The municipal corporation officers have been talking about shifting the dump to the village of Jhuriwala for the past several years now, but the inhabitants of the Barwala area are already facing a serious problem with flies.","नगर निगम के अधिकारी पिछले कई वर्षाें से गाव झूरीवाला में डपिंग ग्राउंड को शिफ्ट करने की बात कर रहे हैं, लेकिन बरवाला क्षेत्र के लोग तो पहले ही मक्खियों की गंभीर समस्या से दो-चार हो रहे है।",इस इलाके के निवासी पहले से ही मक्खियों के साथ गंभीर समस्या का सामना कर रहे हैं ।,"The municipal corporation officers have been talking about shifting the dump to the village of Jhuriwala for the past several years now, but the inhabitants of the Barwala area are already facing a serious problem with flies.",<extra_id_0> of Barwala
He said that healthcare and educational facilities are extremely bad.,उन्होंने कहा कि गावों में स्वास्थ्य सेवाओं एवं शिक्षा व्यवस्था की हालत बिल्कुल खराब हो चुकी है।,उसने कहा कि स्वास्थ्य चिकित्सा और शैक्षिक सुविधाओं को बहुत ही बुरा समझा जा सकता है ।,He said that healthcare and educational facilities are extremely bad.,<extra_id_0>
No work has yet been started to provide facilities for rural inhabitants.,ग्रामीण क्षेत्र में लोगों को सुविधाएं देने के लिए आज तक कोई काम शुरू ही नहीं हुआ।,अब तक यहाँ के गाँवों में रहने के लिए कोई भी काम शुरू नहीं किया गया है ।,No work has yet been started to provide facilities for rural inhabitants.,<extra_id_0>
UN hails new goals to tackle poverty,यू.एन. ने निर्धनता से निपटने के लिए नए लक्ष्य निर्धारित किए,गरीबी से निपटने के नए लक्ष्य,UN hails new goals to tackle poverty,<extra_id_0>
"The United Nations is to start work immediately on a new set of goals to replace the millennium development goals, which were put place 12 years ago to tackle global poverty.","संयुक्त राष्ट्र तत्काल ही लक्ष्यों के नए समूह पर कार्य आरंभ करने वाला है, जो सहस्राब्दि विकास लक्ष्यों का स्थान लेंगे, जिन्हें वैश्विक निर्धनता से निपटने के लिए 12 वर्ष पहले आरंभ किया गया था।","संयुक्‍त राष्ट्र, मिलेनियम के विकास के लक्ष्यों को बदलने के लिए फौरन एक नए लक्ष्य पर काम शुरू कर रहा है, जो दुनिया - भर में गरीबी का सामना करने के लिए 12 साल पहले रखा गया था ।","The United Nations is to start work immediately on a new set of goals to replace the millennium development goals, which were put place 12 years ago to tackle global poverty.",<extra_id_0>
"Australian diplomats played a key role in pushing for ""sustainable development goals"" to replace the MDGs, which expire in 2015, ahead of the UN sustainable development summit that began in Rio de Janeiro overnight.","वर्ष 2015 में समाप्त हो रहे एम.डी.डी. को प्रतिस्थापित करने के लिए, ""संवहनीय विकास लक्ष्यों"" को आगे बढ़ाने में ऑस्ट्रेलियाई राजनयिक ने रिओ डे जैनेरो में रात भर में आरंभ हुए संवहनीय विकास शिखर सम्मेलन से ठीक पहले महत्वपूर्ण भूमिका निभाई।","2015 में संयुक्‍त राष्ट्र के स्थिर विकास शिखर सम्मेलन के पहले, जो रियो डि जनेरो में शुरू हुआ.","Australian diplomats played a key role in pushing for ""sustainable development goals"" to replace the MDGs, which expire in 2015, ahead of the UN sustainable development summit that began in Rio de Janeiro overnight.",<extra_id_0> in Hindi
"They were included in the final draft of the document, which will be endorsed by world leaders including Ms Gillard during the summit.","इन्हें दस्तावेज के अंतिम प्रारूप में शामिल किया गया था, जिसका शिखर सम्मेलन के दौरान सुश्री गिलार्ड समेत विश्व नेताओं द्वारा समर्थन किया जाएगा।","वे उस दस्तावेज़ के अंतिम मसौदा में शामिल थे, जो दुनिया के नेताओं द्वारा आयोजित किया जाएगा, जिनमें एम.","They were included in the draft of the document, which will be endorsed by world leaders including Ms Gillard during the summit.",<extra_id_0>.
"UN Secretary-General Ban Ki-moon told the summit overnight that now is the time to ""rise above national interests.""","यू.एन. महासचिव बैन कि-मून ने रात्रि शिखर सम्मेलन में कहा कि ""राष्ट्रीय हितों से ऊपर उठने"" का समय आ गया है।","UN सचिव कि कि-मोन ने कहा कि अब "" राष्ट्रीय हितों के ऊपर उठने का समय है।""","UN Secretary-General Ban Ki-moon told the summit overnight that now is the time to ""rise above national interests.""",<extra_id_0> -
"""I am pleased that member states have agreed to launch and take ownership of a process to establish universal sustainable development goals - SDGs,"" he said.","उन्होंने कहा कि ""मुझे बहुत प्रसन्नता है कि सदस्य देश सार्वभौमिक संवहनीय विकास लक्ष्य स्थापित करने हेतु प्रक्रिया आरंभ करने तथा उसका स्वामित्व लेने के लिए सहमत हो गए हैं।""","""मैं खुश हूँ कि सदस्य कहते हैं लॉन्च करने और एक प्रक्रिया का मालिक लेने के लिए सहमत हो गया है विश्‍वभर में स्थिर विकास - SDGs,"" उन्होंने कहा.","""I am pleased that member states have agreed to launch and take ownership of a process to establish universal sustainable development goals - SDGs,"" he said.",<extra_id_0>.
"These SDGs will build on our advances under the millennium development goals, and they will be an integral part of the post-2015 development framework.","ये एस.डी.जी. सहस्राब्दि विकास लक्ष्यों के अन्तर्गत हमारे विकास पर आधारित होंगे, तथा ये 2015 के पश्चात विकास रूपरेखा का समग्र अंग होंगे।","इन SDGEG हमारे विकास लक्ष्य के तहत हमारी प्रगति पर निर्माण करेंगे, और वे पोस्ट-2015 विकास फ्रेमवर्क का एक अनिवार्य भाग होगा.","These SDGs will build on our advances under the millennium development goals, and they will be an integral part of the post-2015 development framework.",<extra_id_0>
I will spare no effort to implement the mandate given to me by member states to realise our vision of sustainable development goals that build on the success of the MDGs.,एम.डी.जी. की सफलता पर आधारित संवहनीय विकास लक्ष्यों के हमारे दूरगामी उद्देश्यों को पूर्ण करने के लिए हमारे सदस्य देशों द्वारा मुझे दिए गए अधिदेश का क्रियान्वयन करने के लिए मैं हरसंभव प्रयास करूंगा।,"मैं उस आज्ञा को लागू करने के लिए कोई प्रयास नहीं करूँगा जिसे सदस्य ने कहा है कि मज़बूत विकास के हमारे दर्शन को समझने के लिए, जो MDGs की सफलता पर निर्माण करते हैं ।",I will spare no effort to implement the mandate given to me by member states to realise our vision of sustainable development goals that build on the success of the MDGs.,<extra_id_0>.
Mozambique security concerns mount as powerful personalities clash,मोजाम्बिक की सुरक्षा चिंता का विषय ताकतवर शख्सियतों टकराव के रूप में बढ़ते हैं,मोज़ेनिया सुरक्षा की चिंता करता है जैसे शक्‍तिशाली व्यक्‍ति आपस में लड़ते - झगड़ते हैं,Mozambique security concerns mount as powerful personalities clash,<extra_id_0>
"With a statue of Samora Machel, Mozambique's founding president, staring down on them, thousands of people gathered in central Maputo to chant peace slogans in a rare public demonstration.","मोजाम्बिक संस्थापक राष्ट्रपति सैमोरा की एक मूर्ति के साथ, जो उन पर नीचे घूर रही थी,  केंद्रीय मापुटो में एकत्र हुए हजार लोग एक दुर्लभ सार्वजनिक प्रदर्शन में  शांति के नारे  के लिए.",एक छोटे से सार्वजनिक प्रदर्शन में शांति के नाराों का उच्चारण करने के लिए मध्य इतिहास में हज़ारों लोग जमा हुए.,"With a statue of Samora Machel, Mozambique's founding president, staring down on them, thousands of people gathered in central Maputo to chant peace slogans in a rare public demonstration.",<extra_id_0>.
"""We want peace back; we want stability,"" said Vanessa de Sousa, chief executive of an investment company.","""हम शांति वापस चाहते हैं, हम स्थिरता चाहते हैं,"" वैनेसा डी सुसा, एक निवेश कंपनी के मुख्य कार्यकारी अधिकारी ने कहा.","""हम वापस करना चाहते हैं, हम स्थिरता चाहते हैं,"" Wargad डी सोसा ने कहा, एक निवेश कंपनी के प्रमुख अधिकारी।","""We want peace back; we want stability,"" said Vanessa de Sousa, chief executive of an investment company.",<extra_id_0>
"Fearful about the future of her country, she swapped her corporate attire for a T-shirt emblazoned with ""we demand security"" in Portuguese as she joined the crowds in the capital's Independence Square on Thursday.","अपने देश के भविष्य के बारे में भयभीत, उसने एकपुर्तगाली में ""हम सुरक्षा की मांग करतेहैं"" छपा टी शर्ट से उसकी कॉर्पोरेट पोशाक बदली और वो गुरुवार को राजधानी स्वतंत्रता स्क्वायर के भीड़ में शामिल हुई.","अपने देश के भविष्य के बारे में डर है, वह एक टी-कांत्र के लिए एक टी-ब्विंग फार्म के लिए उनकी पोशाक बदल दिया... ... हम पुर्तगाली में भीड़ में शामिल हो रही है के रूप में वह गुरुवार की स्वतंत्रता वर्ग में हिस्सा लिया.","Fearful about the future of her country, she swapped her corporate attire for a T-shirt emblazoned with ""we demand security"" in Portuguese as she joined the crowds in the capital's Independence Square on Thursday.",<extra_id_0> Portuguese
"For two weeks, there have been almost daily reports of clashes between government forces and Renamo, some of the worst skirmishes since a peace deal more than 20 years ago.","दो हफ्तों के लिए सरकारी फौजों तथा रे नमो के बीच संघर्ष लगभग प्रतिदिन रिपोर्ट किया गया है,एक शांति समझौते के 20 से अधिक साल पहले बाद से.",दो हफ्ते से लेकर आज तक सरकार और रनामो के बीच लगभग झगड़े हुए हैं ।,"For two weeks, there have been almost daily reports of clashes between government forces and Renamo, some of the worst skirmishes since a peace deal more than 20 years ago.",<extra_id_0> of
"Renamo was once a notorious rebel movement, initially backed by white-ruled Rhodesia and then South Africa's apartheid government as part of efforts to destabilise the country's independent government.",रे नमो एक बार शुरू में देश के स्वतंत्र सरकार को अस्थिर करने के प्रयासों के हिस्से के  रूप में उसके बाद सफेद शासित रोडेशिया तथा दक्षिण अफ्रीका के रंगभेद सरकार द्वारा समर्थित आंदोलन का एक कुख्यात विद्रोही  था.,"एक बार रीनामो एक कुख्यात विद्रोह आंदोलन था, शुरू में श्‍वेत सरकारी क्षेत्र द्वारा वापस वापस आ गया और फिर दक्षिण अफ्रीका के अलग-अलग सरकार को देश की स्वतंत्र सरकार को बचाने की कोशिशों के रूप में.","Renamo was once a notorious rebel movement, initially backed by white-ruled Rhodesia and then South Africa's apartheid government as part of efforts to destabilise the country's independent government.",<extra_id_0>.
"After a 1992 peace deal, it became an opposition party.","1992 के शांति समझौते के बाद, यह एक विपक्षी पार्टी बन गई.","सन्‌ 1992 में शांति कायम करने के बाद, यह एक विरोध पार्टी बन गयी ।","After a 1992 peace deal, it became an opposition party.",<extra_id_0>
"Analysts believe the country is unlikely to slide back into full-blown conflict, but recent events have unnerved foreign investors and locals.","विश्लेषकोंका मानना है  देश के पूर्ण विकसित संघर्ष में वापस लौटने की संभावना नहीं है, लेकिन हाल ही के घटनाओं ने विदेशी निवेशकों और स्थानीय लोगों कोंहतोत्साह किया है.","अनुमान लगाया गया है कि देश पूरे व्लो-बाज संघर्ष में वापस स्लाइड करने के लिए संभव नहीं है, लेकिन हाल ही में हुई घटनाओं ने विदेशी निवेशकों और स्थानीय निवेशकों को रोका है.","Analysts believe the country is unlikely to slide back into full-blown conflict, but recent events have unnerved foreign investors and locals.",<extra_id_0>
"The stakes are high for the fast-growing economy as the discovery of huge offshore gas reserves and coal deposits in the northwest could bring in more than $50bn of investment over the next few next years from companies including Rio Tinto, Vale of Brazil, Eni of Italy and Anadarko of the US.","दांव तेजी से बढ़ रही अर्थव्यवस्था के लिए उच्च रहे हैं पश्चिमोत्तर के विशाल अपतटीय गैस के भंडार और कोयले के भंडार की खोज की रियो टिंटो, ब्राजील के वेल, Eni सहित कंपनियों में से कुछ  अगले साल $ 50bn से अधिक के निवेश में से ला सकता है.","इसके अलावा, उत्तर - पश्‍चिम में बड़े - बड़े गैसों और कोयले की खोज के लिए लकड़ी उच्च हैं ।","The stakes are high for the fast-growing economy as the discovery of huge offshore gas reserves and coal deposits in the northwest could bring in more than $50bn of investment over the next few next years from companies including Rio Tinto, Vale of Brazil, Eni of Italy and Anadarko of the US.",<extra_id_0> -
"The ruling Frelimo party, the dominant political force since 1975, and Renamo blame each other for the tension.","सत्तारूढ़ Frelimo पार्टी, 1975 के बाद से प्रमुख राजनीतिक शक्ति, तथा रे नमो तनाव के लिए एक दूसरे को दोषी ठहराते हैं.",सन्‌ 1975 से प्रबल राजनीतिक शक्‍ति ने एक - दूसरे को एक - दूसरे पर दोष लगाया ।,"The ruling Frelimo party, the dominant political force since 1975, and Renamo blame each other for the tension.",<extra_id_0>.
"Renamo says the government initiated the latest clashes by launching an attack on its members in Sofala province, traditionally a Renamo stronghold, on October 17.","रे नमो का कहना है कि सरकार ने 17 अक्टूबर को सोफा ला प्रांत, परंपरागत एक रे नमो गढ़, में इसके सदस्यों पर हमले शुरू करके नवीनतम संघर्ष शुरू किया","रीनामो कहती है कि सरकार ने अक्‍तूबर १७ को, सोफला प्रांत में अपने सदस्यों पर हमला करने के द्वारा हाल ही में हुए झगड़े शुरू किए ।",Renamo has launched an attack on its members in Sofala province.,<extra_id_0>
"Assaults on the former rebels then escalated as government forces attacked Renamo bases and attempted to kill Afonso Dhlakama, the group's leader, Fernando Mazanga, Renamo's spokesman, told the Financial Times.","पूर्व विद्रोहियों पर हमले और फिर बढ़ने से सरकारी बलोंने रेनमो ठिकानों पर हमला किया और अफ़ोंसो ढाका मा, समूह के नेता, फर्नांडो माझांग, रे नमो के प्रवक्ता को मारने की कोशिश की फाइनेंशियल टाइम्स को बताया.","भूतपूर्व विद्रोहियों पर फिर बल दिया गया जब सरकार सेना ने रिनामो आधार पर हमला किया और समूह के नेता, फरनामीना, रनेका के प्रवक्ता को मारने की कोशिश की.","Assaults on the former rebels then escalated as government forces attacked Renamo bases and attempted to kill Afonso Dhlakama, the group's leader, Fernando Mazanga, Renamo's spokesman, told the Financial Times.",<extra_id_0> -
"The government blames Renamo for triggering the clashes, accusing it of attacking soldiers.",सरकार सैनिकों पर हमला करने का आरोप लगाते हुए टकराव को ट्रिगर के लिए रे नमो को दोषी मानते हैं.,पुलिस पर हमला करनेवाले सैनिकों पर हमला करने का इलज़ाम लगाती है ।,"The government blames Renamo for triggering the clashes, accusing it of attacking soldiers.",<extra_id_0>
President Armando Guebuza has sought to play down concerns about instability.,राष्ट्रपति अर्मांडो जीबुझां ने अस्थिरता के बारे में चिंताओं को  बेक़दर करने कीमांग की है.,राष्ट्रपति आर्मरो गॉ ब्लॉज ने मुसीबत के बारे में चिंता करने की कोशिश की है ।,President Armando Guebuza has sought to play down concerns about instability.,<extra_id_0>
"Mr Guebuza told AFP, the French news agency, on Wednesday that Mr Dhlakama saw himself as a ""loser"" who wanted to use ""whatever remains of his forces to try to prove that he can impose on the government his own decisions.""","श्री जीबुझां ने बुधवार को एएफपी, फ्रांसीसी समाचार एजेंसी से कहा कि श्री ढाकामा ने खुद को एक ""हारे"" रूप में  देखा था  ""जो भी हो उसकी सेनाओं के साबित करने की कोशिश करने  बनी हुई है कि वह सरकार पर  अपने ही निर्णय को लागू कर सकते हैं .""","श्री गुंजा ने कहा, फ्रांसीसी समाचार विभाग, बुधवार को कि श्री डीएलीमा ने अपने आप को एक ""कार"" के रूप में देखा जो अपने बलों का उपयोग करना चाहता था यह साबित करने के लिए कि वह सरकार अपने स्वयं के निर्णय पर प्रभाव डाल सकते हैं।","Mr Guebuza told AFP, the French news agency, on Wednesday that Mr Dhlakama saw himself as a ""loser"" who wanted to use ""whatever remains of his forces to try to prove that he can impose on the government his own decisions.""",<extra_id_0>.
Both Frelimo and Renamo insist they want to avoid war.,फ्री लिमो तथा रे नमो दोनों ही जोर देते हैं कि  वे युद्ध से बचना चाहते हैं .,वे युद्ध से बचना चाहते हैं ।,Both Frelimo and Renamo insist they want to avoid war.,<extra_id_0>
But concerns have grown after Mr Mazanga was quoted as saying Renamo was abandoning the 1992 peace accord.,श्री माझांग को यह कहते हुए उद्धृत किया गया था रे नमो ने1992 शांति समझौते को रद्द कर दिया गया था लेकिन बाद में फिर चिंता का विषय हो गए हैं .,लेकिन श्री माजिया को यह कहने के लिए उद्धृत किया गया था कि सन्‌ 1992 में शांति के लिए कोई जगह नहीं रह गयी थी ।,But concerns have grown after Mr Mazanga was quoted as saying Renamo was abandoning the 1992 peace accord.,<extra_id_0>
He told the FT that he meant the agreement was no longer being respected by Frelimo.,उन्होंने FT को बताया का मतलब है किवह समझौता फ्री लिमो के द्वारा सम्मानित किया नहीं जा रहा  है,उसने FT कहा कि उसका मतलब था कि इस समझौते का पालन अब फ्रेदीमो द्वारा सम्मानित नहीं किया जा रहा था ।,He told the FT that he meant the agreement was no longer being respected by Frelimo.,<extra_id_0>
"""Our vision is to come back to negotiations, but with seriousness,"" Mr Mazanga said.","हमारी दृष्टि समझौता वार्ता के लिए वापस आना है, लेकिन गंभीरता से,"" श्री माझांगने कहा.","""हमारा दर्शन बातचीत करने के लिए वापस आने के लिए है, लेकिन गंभीरता के साथ"" श्री मैंजा ने कहा.","""Our vision is to come back to negotiations, but with seriousness,"" he said.",<extra_id_0>
Previous talks between the parties have done little to ease tensions fuelled by a series of clashes this year.,दोनों पक्षों के बीच पिछली वार्ता इस साल के संघर्ष की एक श्रृंखला की शह तनाव कम करने के लिए कुछ खास नहीं किया.,इस साल एक - के - बाद - एक कई झगड़े हुए हैं ।,Previous talks between the parties have done little to ease tensions fuelled by a series of clashes this year.,<extra_id_0>.
"""It's two big men (Guebuza and Dhlakama) butting heads together,"" said Joseph Hanlon, a lecturer at the Open University and Mozambique expert.","""यह साथ साथ लड़ रहे दो बड़े आदमी ( जीबुझांऔर ढाकामा) उनके बारे में है,""  यूसुफ हान लंदन ओपन यूनिवर्सिटी में एक व्याख्याता तथा मोजाम्बिक विशेषज्ञ  ने कहा.","""यह दो बड़े पुरुषों (Gugazaz और Decapama) लेकिन सिर हिला रहे हैं,"" यूसुफ हैनॉन ने कहा, खुले विश्‍वविद्यालय में एक शिक्षक, और मोज़ानी विशेषज्ञ.","""It's two big men (Guebuza and Dhlakama) butting heads together,"" said Joseph Hanlon, a lecturer at the Open University and Mozambique expert.",<extra_id_0> to English to Hindi
Neither of them are good negotiators and neither of them are prepared to make the kind of concessions that are necessary.,उनमें से न तो अच्छे वार्ताकार हैं तथा उनमें से न तो आवश्यक है कि रियायतें के प्रकार बनाने के लिए तैयार रहे हैं.,और ना ही उनमें से कुछ अच्छी बातें हैं और ना ही उनमें से कुछ ऐसे व्यक्‍ति हैं जो ज़रूरत के हिसाब से समझौता करने के लिए तैयार हैं ।,Neither of them are good negotiators and neither of them are prepared to make the kind of concessions that are necessary,<extra_id_0>
"Renamo, which has been pushing for electoral reforms, had already said that it would boycott municipal elections due in November.","रे नमो, चुनाव सुधारों के लिए जोर देता रहा है , ने पहले से ही नवंबर में होने वाले नगर निगम चुनावों के बहिष्कार के बारे में कहा था.",वह कहता है कि यह नवंबर में चुनावों के कारण लड़के - लड़कियों को चुनाव करने के लिए मजबूर कर दिया जाएगा ।,"Renamo, which has been pushing for electoral reforms, had already said that it would boycott municipal elections in November.",<extra_id_0>.
Presidential and parliamentary polls are scheduled for next year.,राष्ट्रपति तथा संसदीय चुनाव अगले वर्ष के लिए निर्धारित हैं.,राष्ट्रपति और संसद के सर्वे अगले साल के लिए नियत किए गए हैं।,Presidential and parliamentary polls are scheduled for next year.,<extra_id_0>
Some commentators have interpreted its use of force as the attempt of an ailing movement to win concessions and financial spoils from the government.,कुछ टिप्पणीकारों ने सरकार से रियायतों तथा आर्थिक लूट को जीतने के लिए एक रुग्ण आंदोलन के प्रयास के रूप में बल के अपने प्रयोग के व्याख्या की है.,कुछ टीकाकारों ने अपने बल का प्रयोग सरकार से समझौता और आर्थिक लूट जीतने की कोशिश के तौर पर किया है ।,Some commentators have interpreted its use of force as the attempt of an ailing movement to win concessions and financial spoils from the government.,<extra_id_0>.
"Renamo's share of the vote has been declining since 1992, while a newer party, the Democratic Movement of Mozambique (MDM) which was formed by a former Renamo member, is expected to improve its showing at the elections.","मतदान में रे नमो की हिस्सेदारी 1992 के बाद से कमी आ रही है, जबकि एक नए पार्टी, एक पूर्व रे नमो सदस्य द्वारा बनाई गई थी जिसमें मोजाम्बिक (एमडीएम) के डेमोक्रेटिक मूवमेंट, चुनावों में अपने प्रदर्शन के सुधार की उम्मीद है .",(एमएम) एक भूतपूर्व रिनामो सदस्य द्वारा बनाया गया था जो चुनावों में इसका प्रदर्शन करने के लिए उम्मीद की जाती है.,"Renamo's share of the vote has been declining since 1992, while a newer party, the Democratic Movement of Mozambique (MDM) which was formed by a former Renamo member, is expected to improve its showing at the elections.",<extra_id_0> Mozambique
Mr Mazanga says Mr Guebuza - who is due to step down when his second term ends next year - wants to destroy the country's democracy.,श्री माझांग  श्री जीबुझांको  कहते हैं- जो अगले वर्ष अपने दूसरे कार्यकाल की समाप्ति  पर पद छोड़रहे हैं - देश के लोकतंत्र को नष्ट करना चाहता है.,श्री Margarga कहते हैं श्री Gagagaa - जो कदम उठाने के कारण है जब उनके दूसरे शब्द अगले साल खत्म होगा - देश के लोकतंत्र को नष्ट करना चाहता है.,Mr Mazanga says Mr Guebuza - who is due to step down when his second term ends next year - wants to destroy the country's democracy.,<extra_id_0>
"""He does not want multi-party democracy, he does not want transparent elections he does not want peace because he does not want to leave the presidency,"" Mr Mazanga said.","""वह बहुदलीय लोकतंत्र नहीं चाहता है,  वह राष्ट्रपतित्व को छोड़नानहीं चाहता है क्योंकि वह शांति नहीं चाहता है पारदर्शी चुनाव नहीं चाहता है, ""श्री माझांग   ने कहा..","""वह बहुरंग लोकतंत्र नहीं चाहता, वह पारदर्शी चुनाव नहीं चाहता कि वह शांति नहीं चाहता है क्योंकि वह राष्ट्रपति पद को छोड़ना नहीं चाहता,"" श्री माजिया ने कहा.","""He does not want multi-party democracy, he does not want transparent elections he does not want peace because he does not want to leave the presidency,"" he said.",<extra_id_0> democracy
"It is unclear how much capacity Renamo has, but it has carried out disruptive hit-and-run attacks on police stations and vehicles on a key north-south highway.","किस प्रकार की क्षमता रे नमो की है  स्पष्ट  नहीं किया है, लेकिन यह एक प्रमुख उत्तर दक्षिण राजमार्ग पर पुलिस स्टेशनों और वाहनों पर व्यवधानकारी हिट एंड रन के दौरे उन्होंने किए हैं..","यह स्पष्ट है कि कितना क्षमता रेनामो है, लेकिन यह पुलिस स्टेशनों पर हमला किया गया है और एक प्रमुख दक्षिण सड़क पर वाहनों पर वाहनों.","It is unclear how much capacity Renamo has, but it has carried out disruptive hit-and-run attacks on police stations and vehicles on a key north-south highway.",<extra_id_0> -
"Most of the skirmishes have taken place in Sofala province, which is several hundred kilometres north of Maputo, but hosts Beira, the port that miners, including Rio Tinto and Vale, rely on to export coal.","झड़पों के अधिकांशसोफा ला प्रांत मेंहै, जोमापुटो के उत्तर में कई सौ किलोमीटर की दूरी पर है, जिसमें मेजबान बीरा पोर्ट है जो रियो टिंटो और घाटी सहित खनिक, कोयला निर्यात करने पर भरोसा करते हैं .","इनमें से ज़्यादातर लोग सोफला प्रांत में रहते हैं, जो आज के मौसम के बहुत - से सौ किलोमीटर उत्तर में है ।","Most of the skirmishes have taken place in Sofala province, which is several hundred kilometres north of Maputo, but hosts Beira, the port that miners, including Rio Tinto and Vale, rely on to export coal.",<extra_id_0> province
"In June, Rio suspended its use of the railway for about a week after Renamo threatened to attack the line.",रे नमो लाइन पर हमला करने की धमकी के बाद जून महीने में रियो लगभग एक सप्ताह के लिए रेल्वे ने अपने प्रयोग को निलंबित कर दिया.,"जून के महीने में, रियो ने करीब एक हफ्ते के लिए रेलवे का इस्तेमाल बंद कर दिया ।","In June, Rio suspended its use of the railway for about a week after Renamo threatened to attack the line.",<extra_id_0> -
Mr Mazanga was coy when asked about whether Renamo would repeat this threat.,रे नमो इस खतरे को दोहरा पाएंगे या नहीं लगभग पूछे जाने पर श्री माझांगविनीत था.,"श्री मॉर्जिया को जब यह धमकी दी गयी थी, तब उसने कहा कि क्या रेनामो इस धमकी को दोहराएगा ।",Mr Mazanga was coy when asked about whether Renamo would repeat this threat.,<extra_id_0>
"Renamo wanted to ""warn the international community that things were not going well in Mozambique,"" Mr Mazanga said.","रे नमो  ""चीजें मोजाम्बिक में अच्छी तरह से नहीं जा रहे थे जो अंतरराष्ट्रीय समुदाय को आगाह करना चाहते थे, श्री माझांग ने कहा.","रीनामो ने कहा कि ""दुनिया के अंतर्राष्ट्रीय समुदाय को चेतावनी देना चाहता है कि ये बातें मोजिया में अच्छी नहीं जा रही हैं"" श्री माजेंगा ने कहा.","Renamo wanted to ""warn the international community that things were not going well in Mozambique,"" Mr Mazanga said.",<extra_id_0>
"The instability has added to frustrations with the government, says Fernando Lima, head of Mediacoop, an independent media company, with many people also concerned about corruption, the slow pace of development and a recent spate of kidnappings.","अस्थिरता की सरकार  ने कुंठाओं को और बढ़ा दिया, फर्नांडो लीमा, मीडिया कॉप,कहते हैं,जो एक स्वतंत्र मीडिया कंपनी के प्रधानहै , कई लोग भी भ्रष्टाचार, विकास की धीमी गति और अपहरणों की हाल की बाढ़ बारे में चिंतित है  .","इसके अलावा, बहुत - से लोग भ्रष्टाचार के बारे में भी चिंता करते हैं ।","The instability has added to frustrations with the government, says Fernando Lima, head of Mediacoop, an independent media company, with many people also concerned about corruption.",<extra_id_0>
